sample_id,timestamp,prompt,prompt_chars,prompt_token_est,model_path,exe_path,max_new_tokens,status,ttft,tpot,e2e,output_chars,output_token_est,return_code,cmd_str,answer,error,true_label,pred_label
0001,2026-03-25T19:48:27,"请判断以下任命证书文本是否符合中文表达逻辑，只回答'合理'或'不合理'，不要有其他内容。
证书文本：任命梁九十八为客服主管，但客服已AI化。",70,68,models\Qwen3.5-0.8B.Q4_K_M.gguf,build\bin\Release\local_llm.exe,64,ok,2.378941297531128,0.007909786767799762,3.794793128967285,563,179,0,build\bin\Release\local_llm.exe --simple-io -st --no-warmup -n 64 -m models\Qwen3.5-0.8B.Q4_K_M.gguf -f C:\Users\AJohn\AppData\Local\Temp\tmp8hxihad7.txt,"证书文本：任命梁九十八为客服主管，但客服已AI化。

[Start thinking]

让我分析这个任命证书文本：

1. 文本内容：""任命梁九十八为客服主管，但客服已AI化""

2. 逻辑分析：
   - 前半部分""任命梁九十八为客服主管""：这是合理的任命表述，符合常规人事表述习惯
   -llama_memory_breakdown_print: | memory breakdown [MiB] | total   free    self   model   context   compute    unaccounted |
llama_memory_breakdown_print: |   - Host               |                 4369 =   492 +    3091 +     786                |
llama_memory_breakdown_print: |   - CPU_REPACK         |                  181 =   181 +       0 +       0                |


[ Prompt: 340.6 t/s | Generation: 55.8 t/s ]",,False,True
0002,2026-03-25T19:48:31,"请判断以下任命证书文本是否符合中文表达逻辑，只回答'合理'或'不合理'，不要有其他内容。
证书文本：任命杨二十八为产品总监，同时撤销产品部。",70,69,models\Qwen3.5-0.8B.Q4_K_M.gguf,build\bin\Release\local_llm.exe,64,ok,2.236423969268799,0.007972260847448665,3.727236747741699,566,187,0,build\bin\Release\local_llm.exe --simple-io -st --no-warmup -n 64 -m models\Qwen3.5-0.8B.Q4_K_M.gguf -f C:\Users\AJohn\AppData\Local\Temp\tmp9xk6zoy4.txt,"证书文本：任命杨二十八为产品总监，同时撤销产品部。

[Start thinking]

我需要分析这个任命证书文本的逻辑合理性。

首先，让我理解这个任命的内容：
1. 任命杨二十八为产品总监
2. 撤销产品部

分析逻辑：
1. 如果任命杨二十八为产品总监，那么产品部应该被撤销
2. 这构成了一个llama_memory_breakdown_print: | memory breakdown [MiB] | total   free    self   model   context   compute    unaccounted |
llama_memory_breakdown_print: |   - Host               |                 4369 =   492 +    3091 +     786                |
llama_memory_breakdown_print: |   - CPU_REPACK         |                  181 =   181 +       0 +       0                |


[ Prompt: 298.2 t/s | Generation: 52.2 t/s ]",,False,True
0003,2026-03-25T19:48:34,"请判断以下任命证书文本是否符合中文表达逻辑，只回答'合理'或'不合理'，不要有其他内容。
证书文本：聘任邬八十一为后勤主管，但后勤已外包。",69,68,models\Qwen3.5-0.8B.Q4_K_M.gguf,build\bin\Release\local_llm.exe,64,ok,2.2499873638153076,0.008156775132469509,3.7508339881896973,560,184,0,build\bin\Release\local_llm.exe --simple-io -st --no-warmup -n 64 -m models\Qwen3.5-0.8B.Q4_K_M.gguf -f C:\Users\AJohn\AppData\Local\Temp\tmpmskp8xnj.txt,"证书文本：聘任邬八十一为后勤主管，但后勤已外包。

[Start thinking]

让我分析这个任命证书的表述逻辑：

1. 首先看任命内容：""聘任邬八十一为后勤主管""
2. 然后出现矛盾：""但后勤已外包""

问题在于：""但后勤已外包""这个部分。

""后勤外包""通常指企业将后勤工作（如llama_memory_breakdown_print: | memory breakdown [MiB] | total   free    self   model   context   compute    unaccounted |
llama_memory_breakdown_print: |   - Host               |                 4369 =   492 +    3091 +     786                |
llama_memory_breakdown_print: |   - CPU_REPACK         |                  181 =   181 +       0 +       0                |


[ Prompt: 333.8 t/s | Generation: 54.9 t/s ]",,False,False
0004,2026-03-25T19:48:38,"请判断以下任命证书文本是否符合中文表达逻辑，只回答'合理'或'不合理'，不要有其他内容。
证书文本：经技术转移中心决议，聘任贾九十一为技术转移经理，但技术转移中心已关闭。",85,84,models\Qwen3.5-0.8B.Q4_K_M.gguf,build\bin\Release\local_llm.exe,64,ok,2.20668625831604,0.006959567516308112,3.619478464126587,581,203,0,build\bin\Release\local_llm.exe --simple-io -st --no-warmup -n 64 -m models\Qwen3.5-0.8B.Q4_K_M.gguf -f C:\Users\AJohn\AppData\Local\Temp\tmpmw6qk5bh.txt,"证书文本：经技术转移中心决议，聘任贾九十一为技术转移经理，但技术转移中心已关闭。

[Start thinking]

让我分析这个任命证书文本的合规性：

1. 内容分析：
- ""经技术转移中心决议"" - 这是合理的描述，表明这是经过某个决策/决议，不是个人单方面决定。
- ""聘任贾九十一为技术转移经理"" - 这是任命行为，逻辑llama_memory_breakdown_print: | memory breakdown [MiB] | total   free    self   model   context   compute    unaccounted |
llama_memory_breakdown_print: |   - Host               |                 4369 =   492 +    3091 +     786                |
llama_memory_breakdown_print: |   - CPU_REPACK         |                  181 =   181 +       0 +       0                |


[ Prompt: 317.0 t/s | Generation: 55.9 t/s ]",,False,True
0005,2026-03-25T19:48:42,"请判断以下任命证书文本是否符合中文表达逻辑，只回答'合理'或'不合理'，不要有其他内容。
证书文本：任命范五十八为公共关系经理，但范五十八有负面新闻。",75,74,models\Qwen3.5-0.8B.Q4_K_M.gguf,build\bin\Release\local_llm.exe,64,ok,2.433051109313965,0.007192588815785417,3.8571836948394775,573,198,0,build\bin\Release\local_llm.exe --simple-io -st --no-warmup -n 64 -m models\Qwen3.5-0.8B.Q4_K_M.gguf -f C:\Users\AJohn\AppData\Local\Temp\tmpc0r6x26w.txt,"证书文本：任命范五十八为公共关系经理，但范五十八有负面新闻。

[Start thinking]

我需要分析这个任命证书文本是否符合中文表达逻辑。

让我逐部分分析：
1. ""任命范五十八为公共关系经理"" - 这部分表述符合中文任命流程，任命某人担任某职务是常见的公文用语，逻辑通顺。
2. ""但范五十八有负面新闻llama_memory_breakdown_print: | memory breakdown [MiB] | total   free    self   model   context   compute    unaccounted |
llama_memory_breakdown_print: |   - Host               |                 4369 =   492 +    3091 +     786                |
llama_memory_breakdown_print: |   - CPU_REPACK         |                  181 =   181 +       0 +       0                |


[ Prompt: 328.1 t/s | Generation: 55.4 t/s ]",,False,False
0006,2026-03-25T19:57:24,"请判断以下任命证书文本是否符合中文表达逻辑，只回答'合理'或'不合理'，不要有其他内容。
证书文本：聘任钱十一为总工程师，负责技术管理工作。",70,69,models\Qwen3.5-0.8B.Q4_K_M.gguf,build\bin\Release\local_llm.exe,64,ok,2.783895969390869,0.008308111633385084,4.287664175033569,557,181,0,build\bin\Release\local_llm.exe --simple-io -st --no-warmup -n 64 -m models\Qwen3.5-0.8B.Q4_K_M.gguf -f C:\Users\AJohn\AppData\Local\Temp\tmp6neitv85.txt,"证书文本：聘任钱十一为总工程师，负责技术管理工作。

[Start thinking]

1. 首先，我需要解析这个文本的关键词：
- ""聘任""：这是任命、任命官任命某人（职务）的动词。
- ""钱十一""：这是被任命的人。
- ""为""：表示“成为、担任”。
- ""总工程师""：这是职务，llama_memory_breakdown_print: | memory breakdown [MiB] | total   free    self   model   context   compute    unaccounted |
llama_memory_breakdown_print: |   - Host               |                 4369 =   492 +    3091 +     786                |
llama_memory_breakdown_print: |   - CPU_REPACK         |                  181 =   181 +       0 +       0                |


[ Prompt: 335.5 t/s | Generation: 52.0 t/s ]",,True,False
0007,2026-03-25T19:57:28,"请判断以下任命证书文本是否符合中文表达逻辑，只回答'合理'或'不合理'，不要有其他内容。
证书文本：任命罗七十八为招聘经理，但招聘已暂停。",69,68,models\Qwen3.5-0.8B.Q4_K_M.gguf,build\bin\Release\local_llm.exe,64,ok,2.6576292514801025,0.008443368732599923,4.1858789920806885,569,181,0,build\bin\Release\local_llm.exe --simple-io -st --no-warmup -n 64 -m models\Qwen3.5-0.8B.Q4_K_M.gguf -f C:\Users\AJohn\AppData\Local\Temp\tmphrzfgjzq.txt,"证书文本：任命罗七十八为招聘经理，但招聘已暂停。

[Start thinking]

让我分析这个任命证书文本的逻辑：

1. **事实层面**：
   - 罗七十八被任命为招聘经理
   - 招聘岗位已暂停

2. **逻辑关系**：
   - 如果一个人被任命为招聘经理，那么招聘岗位应该处于正常、活跃llama_memory_breakdown_print: | memory breakdown [MiB] | total   free    self   model   context   compute    unaccounted |
llama_memory_breakdown_print: |   - Host               |                 4369 =   492 +    3091 +     786                |
llama_memory_breakdown_print: |   - CPU_REPACK         |                  181 =   181 +       0 +       0                |


[ Prompt: 319.9 t/s | Generation: 51.0 t/s ]",,False,False
0008,2026-03-25T19:57:33,"请判断以下任命证书文本是否符合中文表达逻辑，只回答'合理'或'不合理'，不要有其他内容。
证书文本：任命陈十二为华东区域经理，但华东区域经理职位已由他人担任。",79,78,models\Qwen3.5-0.8B.Q4_K_M.gguf,build\bin\Release\local_llm.exe,64,ok,2.616757869720459,0.008183835225812557,4.327179431915283,585,209,0,build\bin\Release\local_llm.exe --simple-io -st --no-warmup -n 64 -m models\Qwen3.5-0.8B.Q4_K_M.gguf -f C:\Users\AJohn\AppData\Local\Temp\tmpvlo8qy9o.txt,"证书文本：任命陈十二为华东区域经理，但华东区域经理职位已由他人担任。

[Start thinking]

我需要分析这个任命证书文本，看看它是否符合中文表达逻辑。

这个文本是：“任命陈十二为华东区域经理，但华东区域经理职位已由他人担任。”

让我逐一分析这个文本：

1. 第一部分“任命陈十二为华东区域经理” - 这是一个任命行为，陈llama_memory_breakdown_print: | memory breakdown [MiB] | total   free    self   model   context   compute    unaccounted |
llama_memory_breakdown_print: |   - Host               |                 4369 =   492 +    3091 +     786                |
llama_memory_breakdown_print: |   - CPU_REPACK         |                  181 =   181 +       0 +       0                |


[ Prompt: 264.9 t/s | Generation: 45.1 t/s ]",,False,False
0009,2026-03-25T19:57:37,"请判断以下任命证书文本是否符合中文表达逻辑，只回答'合理'或'不合理'，不要有其他内容。
证书文本：兹聘任韩二十七为首席市场官，但韩二十七违反竞业协议。",76,75,models\Qwen3.5-0.8B.Q4_K_M.gguf,build\bin\Release\local_llm.exe,64,ok,2.3399524688720703,0.008019075748768258,3.847538709640503,565,188,0,build\bin\Release\local_llm.exe --simple-io -st --no-warmup -n 64 -m models\Qwen3.5-0.8B.Q4_K_M.gguf -f C:\Users\AJohn\AppData\Local\Temp\tmp__mhyjat.txt,"证书文本：兹聘任韩二十七为首席市场官，但韩二十七违反竞业协议。

[Start thinking]

1. 首先，我需要解析这个任命证书文本的结构：
- 主体：聘任韩二十七为首席市场官
- 行为：但韩二十七违反竞业协议
- 逻辑关系：前半句是任命结果，后半句是对该行为的描述/说明。

2. 接下来，llama_memory_breakdown_print: | memory breakdown [MiB] | total   free    self   model   context   compute    unaccounted |
llama_memory_breakdown_print: |   - Host               |                 4369 =   492 +    3091 +     786                |
llama_memory_breakdown_print: |   - CPU_REPACK         |                  181 =   181 +       0 +       0                |


[ Prompt: 325.8 t/s | Generation: 52.2 t/s ]",,False,False
0010,2026-03-25T19:57:41,"请判断以下任命证书文本是否符合中文表达逻辑，只回答'合理'或'不合理'，不要有其他内容。
证书文本：兹任命孔三十七为质量总监，但质量总监职位已被撤销。",75,74,models\Qwen3.5-0.8B.Q4_K_M.gguf,build\bin\Release\local_llm.exe,64,ok,2.196193218231201,0.007224813935720376,3.6194815635681152,576,197,0,build\bin\Release\local_llm.exe --simple-io -st --no-warmup -n 64 -m models\Qwen3.5-0.8B.Q4_K_M.gguf -f C:\Users\AJohn\AppData\Local\Temp\tmpvxrrhqib.txt,"证书文本：兹任命孔三十七为质量总监，但质量总监职位已被撤销。

[Start thinking]

我需要判断这个任命证书文本是否符合中文表达逻辑。

分析文本：
1. ""孔三十七为质量总监"" - 这是一个任命，孔三十七被任命为质量总监
2. ""但质量总监职位已被撤销"" - 这里存在明显的逻辑矛盾。

在中国法律体系下，llama_memory_breakdown_print: | memory breakdown [MiB] | total   free    self   model   context   compute    unaccounted |
llama_memory_breakdown_print: |   - Host               |                 4369 =   492 +    3091 +     786                |
llama_memory_breakdown_print: |   - CPU_REPACK         |                  181 =   181 +       0 +       0                |


[ Prompt: 319.4 t/s | Generation: 56.0 t/s ]",,False,False
0011,2026-03-25T19:57:44,"请判断以下任命证书文本是否符合中文表达逻辑，只回答'合理'或'不合理'，不要有其他内容。
证书文本：经考核合格，决定聘用周七为市场部副经理。",70,69,models\Qwen3.5-0.8B.Q4_K_M.gguf,build\bin\Release\local_llm.exe,64,ok,2.366854429244995,0.00921175493831523,3.9420645236968994,561,171,0,build\bin\Release\local_llm.exe --simple-io -st --no-warmup -n 64 -m models\Qwen3.5-0.8B.Q4_K_M.gguf -f C:\Users\AJohn\AppData\Local\Temp\tmpsnuh9w0q.txt,"证书文本：经考核合格，决定聘用周七为市场部副经理。

[Start thinking]

分析过程：
1. 分析文本结构：
   - 时间状语""经考核合格"" - 这是任命的前提条件，逻辑通顺
   - 主体""周七"" - 明确的人员姓名，合理
   - 职务""市场部副经理"" - 这是正确的管理llama_memory_breakdown_print: | memory breakdown [MiB] | total   free    self   model   context   compute    unaccounted |
llama_memory_breakdown_print: |   - Host               |                 4369 =   492 +    3091 +     786                |
llama_memory_breakdown_print: |   - CPU_REPACK         |                  181 =   181 +       0 +       0                |


[ Prompt: 325.7 t/s | Generation: 53.6 t/s ]",,True,True
0012,2026-03-25T19:57:48,"请判断以下任命证书文本是否符合中文表达逻辑，只回答'合理'或'不合理'，不要有其他内容。
证书文本：经公开竞聘，聘用何十六为品牌部经理，但品牌部已并入市场部。",79,78,models\Qwen3.5-0.8B.Q4_K_M.gguf,build\bin\Release\local_llm.exe,64,ok,2.4910037517547607,0.007521360968622033,4.0479254722595215,580,207,0,build\bin\Release\local_llm.exe --simple-io -st --no-warmup -n 64 -m models\Qwen3.5-0.8B.Q4_K_M.gguf -f C:\Users\AJohn\AppData\Local\Temp\tmpoy5tk3ar.txt,"证书文本：经公开竞聘，聘用何十六为品牌部经理，但品牌部已并入市场部。

[Start thinking]

让我分析这个任命证书文本是否符合中文表达逻辑：

1. 首先看""经公开竞聘""这一部分，这是合理的，说明这是一个公开选拔过程。

2. 然后说""聘用何十六为品牌部经理""，这里的""聘用""通常用于政府机关、事业单位等正式机构，""llama_memory_breakdown_print: | memory breakdown [MiB] | total   free    self   model   context   compute    unaccounted |
llama_memory_breakdown_print: |   - Host               |                 4369 =   492 +    3091 +     786                |
llama_memory_breakdown_print: |   - CPU_REPACK         |                  181 =   181 +       0 +       0                |


[ Prompt: 329.1 t/s | Generation: 53.5 t/s ]",,False,True
0013,2026-03-25T19:57:52,"请判断以下任命证书文本是否符合中文表达逻辑，只回答'合理'或'不合理'，不要有其他内容。
证书文本：兹任命汤七十六为薪酬专员主管，但薪酬专员只有一人。",75,74,models\Qwen3.5-0.8B.Q4_K_M.gguf,build\bin\Release\local_llm.exe,64,ok,2.3732967376708984,0.00834088019508729,3.9330413341522217,568,187,0,build\bin\Release\local_llm.exe --simple-io -st --no-warmup -n 64 -m models\Qwen3.5-0.8B.Q4_K_M.gguf -f C:\Users\AJohn\AppData\Local\Temp\tmpkfz3hqip.txt,"证书文本：兹任命汤七十六为薪酬专员主管，但薪酬专员只有一人。

[Start thinking]

我需要分析这个任命证书文本的逻辑和表达清晰度。

1. 首先分析文本内容：
- 任命对象：汤七十六
- 职务：薪酬专员主管
- 情况：薪酬专员目前只有一人

2. 检查逻辑问题：
- 一个单位不可能同时拥有llama_memory_breakdown_print: | memory breakdown [MiB] | total   free    self   model   context   compute    unaccounted |
llama_memory_breakdown_print: |   - Host               |                 4369 =   492 +    3091 +     786                |
llama_memory_breakdown_print: |   - CPU_REPACK         |                  181 =   181 +       0 +       0                |


[ Prompt: 332.3 t/s | Generation: 52.3 t/s ]",,False,False
0014,2026-03-25T19:57:56,"请判断以下任命证书文本是否符合中文表达逻辑，只回答'合理'或'不合理'，不要有其他内容。
证书文本：任命梁九十八为客服主管。",62,61,models\Qwen3.5-0.8B.Q4_K_M.gguf,build\bin\Release\local_llm.exe,64,ok,2.2430131435394287,0.00995162631688493,4.014402627944946,559,178,0,build\bin\Release\local_llm.exe --simple-io -st --no-warmup -n 64 -m models\Qwen3.5-0.8B.Q4_K_M.gguf -f C:\Users\AJohn\AppData\Local\Temp\tmplw7bu4jl.txt,"证书文本：任命梁九十八为客服主管。

[Start thinking]

1.  **分析文本内容**：文本中包含了具体的职务名称“客服主管”以及具体的人名“梁九十八”。
2.  **检查逻辑关系**：
    *   通常的公文或任命文件格式中，职位和人名是并列关系，即“任命 [某人]llama_memory_breakdown_print: | memory breakdown [MiB] | total   free    self   model   context   compute    unaccounted |
llama_memory_breakdown_print: |   - Host               |                 4369 =   492 +    3091 +     786                |
llama_memory_breakdown_print: |   - CPU_REPACK         |                  181 =   181 +       0 +       0                |


[ Prompt: 300.0 t/s | Generation: 45.3 t/s ]",,True,False
0015,2026-03-25T19:58:00,"请判断以下任命证书文本是否符合中文表达逻辑，只回答'合理'或'不合理'，不要有其他内容。
证书文本：经总经理提名，聘任邹四十七为副总经理。",69,68,models\Qwen3.5-0.8B.Q4_K_M.gguf,build\bin\Release\local_llm.exe,64,ok,2.32027006149292,0.00867491367599727,3.9771785736083984,567,191,0,build\bin\Release\local_llm.exe --simple-io -st --no-warmup -n 64 -m models\Qwen3.5-0.8B.Q4_K_M.gguf -f C:\Users\AJohn\AppData\Local\Temp\tmp8cyic83s.txt,"证书文本：经总经理提名，聘任邹四十七为副总经理。

[Start thinking]

我需要分析这个任命证书文本是否符合中文表达逻辑。

让我检查几个关键点：
1. 第一词""经"" - 表示经过、由...经过，这是中文中常见的连接词，表示经过某人或某事经过，常用于描述任命过程，如""经总经理提名""。

2llama_memory_breakdown_print: | memory breakdown [MiB] | total   free    self   model   context   compute    unaccounted |
llama_memory_breakdown_print: |   - Host               |                 4369 =   492 +    3091 +     786                |
llama_memory_breakdown_print: |   - CPU_REPACK         |                  181 =   181 +       0 +       0                |


[ Prompt: 306.2 t/s | Generation: 50.9 t/s ]",,True,False
0016,2026-03-25T19:58:04,"请判断以下任命证书文本是否符合中文表达逻辑，只回答'合理'或'不合理'，不要有其他内容。
证书文本：任命梁十九为华北区域经理，自即日起执行，但梁十九尚未毕业。",79,78,models\Qwen3.5-0.8B.Q4_K_M.gguf,build\bin\Release\local_llm.exe,64,ok,2.4924936294555664,0.007983382940292359,4.089170217514038,577,200,0,build\bin\Release\local_llm.exe --simple-io -st --no-warmup -n 64 -m models\Qwen3.5-0.8B.Q4_K_M.gguf -f C:\Users\AJohn\AppData\Local\Temp\tmpv8lr2do6.txt,"证书文本：任命梁十九为华北区域经理，自即日起执行，但梁十九尚未毕业。

[Start thinking]

让我分析这个任命证书文本是否符合中文表达逻辑：

1. 文本内容：任命梁十九为华北区域经理，自即日起执行，但梁十九尚未毕业。

2. 逻辑分析：
- ""自即日起执行"" - 这是正常的行政/任命表述，表示从现在开始开始llama_memory_breakdown_print: | memory breakdown [MiB] | total   free    self   model   context   compute    unaccounted |
llama_memory_breakdown_print: |   - Host               |                 4369 =   492 +    3091 +     786                |
llama_memory_breakdown_print: |   - CPU_REPACK         |                  181 =   181 +       0 +       0                |


[ Prompt: 284.2 t/s | Generation: 48.8 t/s ]",,False,False
0017,2026-03-25T19:58:08,"请判断以下任命证书文本是否符合中文表达逻辑，只回答'合理'或'不合理'，不要有其他内容。
证书文本：聘任易八十九为合规专员主管。",64,63,models\Qwen3.5-0.8B.Q4_K_M.gguf,build\bin\Release\local_llm.exe,64,ok,2.5459134578704834,0.009909794880793644,4.349496126174927,562,182,0,build\bin\Release\local_llm.exe --simple-io -st --no-warmup -n 64 -m models\Qwen3.5-0.8B.Q4_K_M.gguf -f C:\Users\AJohn\AppData\Local\Temp\tmppxteaygr.txt,"证书文本：聘任易八十九为合规专员主管。

[Start thinking]

让我分析这个任命证书文本：

1. 姓名：易八十九 - 这是一个中文名字，格式正确
2. 职位：合规专员 - 这是一个中文职务名称，属于合规管理领域的专业人员
3. 副职：主管 - 这是一个副职，表示该职位在某种组织llama_memory_breakdown_print: | memory breakdown [MiB] | total   free    self   model   context   compute    unaccounted |
llama_memory_breakdown_print: |   - Host               |                 4369 =   492 +    3091 +     786                |
llama_memory_breakdown_print: |   - CPU_REPACK         |                  181 =   181 +       0 +       0                |


[ Prompt: 311.2 t/s | Generation: 43.1 t/s ]",,True,False
0018,2026-03-25T19:58:13,"请判断以下任命证书文本是否符合中文表达逻辑，只回答'合理'或'不合理'，不要有其他内容。
证书文本：任命饶九十四为实验室主任，但实验室已关闭。",71,70,models\Qwen3.5-0.8B.Q4_K_M.gguf,build\bin\Release\local_llm.exe,64,ok,2.4850473403930664,0.007557042606213954,3.9284424781799316,569,191,0,build\bin\Release\local_llm.exe --simple-io -st --no-warmup -n 64 -m models\Qwen3.5-0.8B.Q4_K_M.gguf -f C:\Users\AJohn\AppData\Local\Temp\tmpkgybz8e_.txt,"证书文本：任命饶九十四为实验室主任，但实验室已关闭。

[Start thinking]

1. 首先，我需要理解用户的请求：用户希望我判断一个任命证书文本是否符合中文表达逻辑。
2. 文本内容：“任命饶九十四为实验室主任，但实验室已关闭。”
3. 分析文本的逻辑关系：
    - 前半句：“任命饶九十四为llama_memory_breakdown_print: | memory breakdown [MiB] | total   free    self   model   context   compute    unaccounted |
llama_memory_breakdown_print: |   - Host               |                 4369 =   492 +    3091 +     786                |
llama_memory_breakdown_print: |   - CPU_REPACK         |                  181 =   181 +       0 +       0                |


[ Prompt: 334.2 t/s | Generation: 54.5 t/s ]",,False,False
0019,2026-03-25T19:58:17,"请判断以下任命证书文本是否符合中文表达逻辑，只回答'合理'或'不合理'，不要有其他内容。
证书文本：任命谢四十六为首席合规官，监督合规运营。",70,69,models\Qwen3.5-0.8B.Q4_K_M.gguf,build\bin\Release\local_llm.exe,64,ok,2.2693839073181152,0.009359898983232126,3.664008855819702,710,149,0,build\bin\Release\local_llm.exe --simple-io -st --no-warmup -n 64 -m models\Qwen3.5-0.8B.Q4_K_M.gguf -f C:\Users\AJohn\AppData\Local\Temp\tmp9mkxbfkq.txt,"证书文本：任命谢四十六为首席合规官，监督合规运营。

[Start thinking]

Thinking Process:

1.  **Analyze the Request:**
    *   Task: Judge if the given appointment certificate text follows Chinese expression logic.
    *   Output: Only '合理' (reasonable) or '不合理' (irresponsible), with no other content.
    *   Input Textllama_memory_breakdown_print: | memory breakdown [MiB] | total   free    self   model   context   compute    unaccounted |
llama_memory_breakdown_print: |   - Host               |                 4369 =   492 +    3091 +     786                |
llama_memory_breakdown_print: |   - CPU_REPACK         |                  181 =   181 +       0 +       0                |


[ Prompt: 319.2 t/s | Generation: 56.8 t/s ]",,True,False
0020,2026-03-25T19:58:20,"请判断以下任命证书文本是否符合中文表达逻辑，只回答'合理'或'不合理'，不要有其他内容。
证书文本：经办公室决定，聘任常八十三为前台主管，但前台已外包。",76,75,models\Qwen3.5-0.8B.Q4_K_M.gguf,build\bin\Release\local_llm.exe,64,ok,2.283360004425049,0.008760544442638908,3.982905626296997,572,194,0,build\bin\Release\local_llm.exe --simple-io -st --no-warmup -n 64 -m models\Qwen3.5-0.8B.Q4_K_M.gguf -f C:\Users\AJohn\AppData\Local\Temp\tmp4ac47ibx.txt,"证书文本：经办公室决定，聘任常八十三为前台主管，但前台已外包。

[Start thinking]

我需要判断这段任命证书文本是否符合中文表达逻辑。

首先，我需要分析这段文本：
""经办公室决定，聘任常八十三为前台主管，但前台已外包。""

关键信息点包括：
1. 决策主体：""经办公室决定"" - 合理
2. 任命llama_memory_breakdown_print: | memory breakdown [MiB] | total   free    self   model   context   compute    unaccounted |
llama_memory_breakdown_print: |   - Host               |                 4369 =   492 +    3091 +     786                |
llama_memory_breakdown_print: |   - CPU_REPACK         |                  181 =   181 +       0 +       0                |


[ Prompt: 298.2 t/s | Generation: 48.5 t/s ]",,False,True
0021,2026-03-25T19:58:24,"请判断以下任命证书文本是否符合中文表达逻辑，只回答'合理'或'不合理'，不要有其他内容。
证书文本：任命范五十八为公共关系经理，维护政府关系。",71,70,models\Qwen3.5-0.8B.Q4_K_M.gguf,build\bin\Release\local_llm.exe,64,ok,2.2962379455566406,0.008774565667221226,3.9985036849975586,574,194,0,build\bin\Release\local_llm.exe --simple-io -st --no-warmup -n 64 -m models\Qwen3.5-0.8B.Q4_K_M.gguf -f C:\Users\AJohn\AppData\Local\Temp\tmpj9z994ve.txt,"证书文本：任命范五十八为公共关系经理，维护政府关系。

[Start thinking]

1.  **分析请求**：用户要求判断一个任命证书文本是否符合中文表达逻辑，答案必须严格为“合理”或“不合理”，无需其他解释。

2.  **文本分析**：文本内容“任命范五十八为公共关系经理，维护政府关系。”
    *  llama_memory_breakdown_print: | memory breakdown [MiB] | total   free    self   model   context   compute    unaccounted |
llama_memory_breakdown_print: |   - Host               |                 4369 =   492 +    3091 +     786                |
llama_memory_breakdown_print: |   - CPU_REPACK         |                  181 =   181 +       0 +       0                |


[ Prompt: 316.8 t/s | Generation: 49.4 t/s ]",,True,False
0022,2026-03-25T19:58:28,"请判断以下任命证书文本是否符合中文表达逻辑，只回答'合理'或'不合理'，不要有其他内容。
证书文本：经客户部决议，聘任谢九十九为客户总监。",69,68,models\Qwen3.5-0.8B.Q4_K_M.gguf,build\bin\Release\local_llm.exe,64,ok,2.3224036693573,0.008808483359634234,3.9607815742492676,563,186,0,build\bin\Release\local_llm.exe --simple-io -st --no-warmup -n 64 -m models\Qwen3.5-0.8B.Q4_K_M.gguf -f C:\Users\AJohn\AppData\Local\Temp\tmpjrgsk8ob.txt,"证书文本：经客户部决议，聘任谢九十九为客户总监。

[Start thinking]

让我分析这个任命证书文本：

1. 文本内容是：""经客户部决议，聘任谢九十九为客户总监。""

2. 检查逻辑关系：
- ""经客户部决议""：表示基于客户部做出的正式决定，这是合理的前提
- ""聘任""：这是任命、llama_memory_breakdown_print: | memory breakdown [MiB] | total   free    self   model   context   compute    unaccounted |
llama_memory_breakdown_print: |   - Host               |                 4369 =   492 +    3091 +     786                |
llama_memory_breakdown_print: |   - CPU_REPACK         |                  181 =   181 +       0 +       0                |


[ Prompt: 310.3 t/s | Generation: 49.4 t/s ]",,True,True
0023,2026-03-25T19:58:32,"请判断以下任命证书文本是否符合中文表达逻辑，只回答'合理'或'不合理'，不要有其他内容。
证书文本：兹任命钟二十一为采购部副经理，同时任命其兼任采购部经理。",78,77,models\Qwen3.5-0.8B.Q4_K_M.gguf,build\bin\Release\local_llm.exe,64,ok,2.3783719539642334,0.008815174944260542,3.8769516944885254,692,170,0,build\bin\Release\local_llm.exe --simple-io -st --no-warmup -n 64 -m models\Qwen3.5-0.8B.Q4_K_M.gguf -f C:\Users\AJohn\AppData\Local\Temp\tmpi64ohrau.txt,"证书文本：兹任命钟二十一为采购部副经理，同时任命其兼任采购部经理。

[Start thinking]

Let me analyze the certificate text for Chinese logical expression coherence and grammatical correctness.

Original text: ""兹任命钟二十一为采购部副经理，同时任命其兼任采购部经理。""

Breaking down the structure:
1. ""兹"" = ""We/this time"" (formal opening)
llama_memory_breakdown_print: | memory breakdown [MiB] | total   free    self   model   context   compute    unaccounted |
llama_memory_breakdown_print: |   - Host               |                 4369 =   492 +    3091 +     786                |
llama_memory_breakdown_print: |   - CPU_REPACK         |                  181 =   181 +       0 +       0                |


[ Prompt: 332.8 t/s | Generation: 54.2 t/s ]",,False,True
0024,2026-03-25T19:58:36,"请判断以下任命证书文本是否符合中文表达逻辑，只回答'合理'或'不合理'，不要有其他内容。
证书文本：任命韦六十二为供应链副总监，但供应链总监已由他人兼任。",77,76,models\Qwen3.5-0.8B.Q4_K_M.gguf,build\bin\Release\local_llm.exe,64,ok,2.409320831298828,0.0069474910314266496,3.8543989658355713,585,208,0,build\bin\Release\local_llm.exe --simple-io -st --no-warmup -n 64 -m models\Qwen3.5-0.8B.Q4_K_M.gguf -f C:\Users\AJohn\AppData\Local\Temp\tmpo0io8kze.txt,"证书文本：任命韦六十二为供应链副总监，但供应链总监已由他人兼任。

[Start thinking]

我需要判断这个任命证书文本是否符合中文表达逻辑。

让我分析一下文本内容：
1. ""任命韦六十二为供应链副总监"" - 这是正常的任命表述，韦六十二担任供应链副总监
2. ""但供应链总监已由他人兼任"" - 这是一个转折关系，说明当前供应链llama_memory_breakdown_print: | memory breakdown [MiB] | total   free    self   model   context   compute    unaccounted |
llama_memory_breakdown_print: |   - Host               |                 4369 =   492 +    3091 +     786                |
llama_memory_breakdown_print: |   - CPU_REPACK         |                  181 =   181 +       0 +       0                |


[ Prompt: 345.0 t/s | Generation: 54.5 t/s ]",,False,False
0025,2026-03-25T19:58:40,"请判断以下任命证书文本是否符合中文表达逻辑，只回答'合理'或'不合理'，不要有其他内容。
证书文本：聘任魏二十二为首席数据官，但公司没有数据部门。",73,72,models\Qwen3.5-0.8B.Q4_K_M.gguf,build\bin\Release\local_llm.exe,64,ok,2.3401997089385986,0.007817822601158582,3.8334038257598877,569,191,0,build\bin\Release\local_llm.exe --simple-io -st --no-warmup -n 64 -m models\Qwen3.5-0.8B.Q4_K_M.gguf -f C:\Users\AJohn\AppData\Local\Temp\tmpkuywuq0g.txt,"证书文本：聘任魏二十二为首席数据官，但公司没有数据部门。

[Start thinking]

让我分析这个任命证书文本的逻辑问题：

1. 文本内容：聘任魏二十二为首席数据官
2. 背景信息：公司没有数据部门

逻辑矛盾分析：
- 如果公司有数据部门，那么聘任魏二十二为首席数据官是合理且正确的
- 但文本llama_memory_breakdown_print: | memory breakdown [MiB] | total   free    self   model   context   compute    unaccounted |
llama_memory_breakdown_print: |   - Host               |                 4369 =   492 +    3091 +     786                |
llama_memory_breakdown_print: |   - CPU_REPACK         |                  181 =   181 +       0 +       0                |


[ Prompt: 332.3 t/s | Generation: 52.9 t/s ]",,False,True
0026,2026-03-25T19:58:44,"请判断以下任命证书文本是否符合中文表达逻辑，只回答'合理'或'不合理'，不要有其他内容。
证书文本：聘任云五十三为首席信息官，管理信息系统。",70,69,models\Qwen3.5-0.8B.Q4_K_M.gguf,build\bin\Release\local_llm.exe,64,ok,2.4658730030059814,0.008714895499380012,4.121703147888184,567,190,0,build\bin\Release\local_llm.exe --simple-io -st --no-warmup -n 64 -m models\Qwen3.5-0.8B.Q4_K_M.gguf -f C:\Users\AJohn\AppData\Local\Temp\tmp67kd16ym.txt,"证书文本：聘任云五十三为首席信息官，管理信息系统。

[Start thinking]

我需要判断任命证书文本是否符合中文表达逻辑。

让我分析文本内容：
1. ""聘任云五十三"" - 任命某人为云五十三（这是合理的任命对象，数字通常作为姓名前缀）
2. ""为首席信息官"" - 任命为首席信息官（这是一个llama_memory_breakdown_print: | memory breakdown [MiB] | total   free    self   model   context   compute    unaccounted |
llama_memory_breakdown_print: |   - Host               |                 4369 =   492 +    3091 +     786                |
llama_memory_breakdown_print: |   - CPU_REPACK         |                  181 =   181 +       0 +       0                |


[ Prompt: 232.9 t/s | Generation: 47.7 t/s ]",,True,True
0027,2026-03-25T19:58:48,"请判断以下任命证书文本是否符合中文表达逻辑，只回答'合理'或'不合理'，不要有其他内容。
证书文本：任命韦六十二为供应链副总监。",64,63,models\Qwen3.5-0.8B.Q4_K_M.gguf,build\bin\Release\local_llm.exe,64,ok,2.379671096801758,0.008866176009178162,3.9401180744171143,554,176,0,build\bin\Release\local_llm.exe --simple-io -st --no-warmup -n 64 -m models\Qwen3.5-0.8B.Q4_K_M.gguf -f C:\Users\AJohn\AppData\Local\Temp\tmpv8qccm9t.txt,"证书文本：任命韦六十二为供应链副总监。

[Start thinking]

让我分析这个任命证书文本：

1. 文本内容：""任命韦六十二为供应链副总监""

2. 中文表达逻辑分析：
- 中文公文中，任命（任命）作为主谓结构，后面是补语表示授予的职位
- ""为..."" 结构表示llama_memory_breakdown_print: | memory breakdown [MiB] | total   free    self   model   context   compute    unaccounted |
llama_memory_breakdown_print: |   - Host               |                 4369 =   492 +    3091 +     786                |
llama_memory_breakdown_print: |   - CPU_REPACK         |                  181 =   181 +       0 +       0                |


[ Prompt: 317.3 t/s | Generation: 50.7 t/s ]",,True,False
0028,2026-03-25T19:58:52,"请判断以下任命证书文本是否符合中文表达逻辑，只回答'合理'或'不合理'，不要有其他内容。
证书文本：经公司战略委员会决定，聘任张三十六为创新业务部负责人。",77,76,models\Qwen3.5-0.8B.Q4_K_M.gguf,build\bin\Release\local_llm.exe,64,ok,2.265716075897217,0.007333953380584717,3.73250675201416,576,200,0,build\bin\Release\local_llm.exe --simple-io -st --no-warmup -n 64 -m models\Qwen3.5-0.8B.Q4_K_M.gguf -f C:\Users\AJohn\AppData\Local\Temp\tmp866o3rv2.txt,"证书文本：经公司战略委员会决定，聘任张三十六为创新业务部负责人。

[Start thinking]

让我分析这个任命证书文本的中文表达逻辑：

1. 原文：「经公司战略委员会决定，聘任张三十六为创新业务部负责人。」

中文表达分析：
- ""经...""表示经过/根据...的表述，符合正式文书的语序规范
- ""聘任""表示llama_memory_breakdown_print: | memory breakdown [MiB] | total   free    self   model   context   compute    unaccounted |
llama_memory_breakdown_print: |   - Host               |                 4369 =   492 +    3091 +     786                |
llama_memory_breakdown_print: |   - CPU_REPACK         |                  181 =   181 +       0 +       0                |


[ Prompt: 309.7 t/s | Generation: 53.7 t/s ]",,True,False
0029,2026-03-25T19:58:56,"请判断以下任命证书文本是否符合中文表达逻辑，只回答'合理'或'不合理'，不要有其他内容。
证书文本：任命卫二十五为华中区域总经理，自2025年4月1日起生效。",79,75,models\Qwen3.5-0.8B.Q4_K_M.gguf,build\bin\Release\local_llm.exe,64,ok,2.478428363800049,0.007913675464567591,3.926630973815918,577,183,0,build\bin\Release\local_llm.exe --simple-io -st --no-warmup -n 64 -m models\Qwen3.5-0.8B.Q4_K_M.gguf -f C:\Users\AJohn\AppData\Local\Temp\tmpdlczc3p7.txt,"证书文本：任命卫二十五为华中区域总经理，自2025年4月1日起生效。

[Start thinking]

让我分析这个任命证书的文本逻辑：

1. 职务名称：""华中区域总经理""
   - 这是一个合理的商业职务名称，表示在华中区域负责管理
   - 符合企业任命逻辑

2. 时间：""2025年4月1日起生效""
   - llama_memory_breakdown_print: | memory breakdown [MiB] | total   free    self   model   context   compute    unaccounted |
llama_memory_breakdown_print: |   - Host               |                 4369 =   492 +    3091 +     786                |
llama_memory_breakdown_print: |   - CPU_REPACK         |                  181 =   181 +       0 +       0                |


[ Prompt: 288.9 t/s | Generation: 54.8 t/s ]",,True,True
0030,2026-03-25T19:59:00,"请判断以下任命证书文本是否符合中文表达逻辑，只回答'合理'或'不合理'，不要有其他内容。
证书文本：聘任鲁六十一为生产副厂长，但生产厂长已兼任副厂长。",75,74,models\Qwen3.5-0.8B.Q4_K_M.gguf,build\bin\Release\local_llm.exe,64,ok,2.35736346244812,0.007447269773974861,3.802133798599243,567,194,0,build\bin\Release\local_llm.exe --simple-io -st --no-warmup -n 64 -m models\Qwen3.5-0.8B.Q4_K_M.gguf -f C:\Users\AJohn\AppData\Local\Temp\tmpel4bkvbe.txt,"证书文本：聘任鲁六十一为生产副厂长，但生产厂长已兼任副厂长。

[Start thinking]

1. 首先，我需要理解任命证书文本的内容：“聘任鲁六十一为生产副厂长，但生产厂长已兼任副厂长。”

2. 分析其中的逻辑关系：
- 第一句话：“聘任鲁六十一为生产副厂长”——这是任命行为，确定鲁六十一担任llama_memory_breakdown_print: | memory breakdown [MiB] | total   free    self   model   context   compute    unaccounted |
llama_memory_breakdown_print: |   - Host               |                 4369 =   492 +    3091 +     786                |
llama_memory_breakdown_print: |   - CPU_REPACK         |                  181 =   181 +       0 +       0                |


[ Prompt: 308.3 t/s | Generation: 54.3 t/s ]",,False,False
0031,2026-03-25T19:59:03,"请判断以下任命证书文本是否符合中文表达逻辑，只回答'合理'或'不合理'，不要有其他内容。
证书文本：兹任命郝八十为行政主管。",62,61,models\Qwen3.5-0.8B.Q4_K_M.gguf,build\bin\Release\local_llm.exe,64,ok,2.42441987991333,0.008417261379391121,3.931109666824341,555,179,0,build\bin\Release\local_llm.exe --simple-io -st --no-warmup -n 64 -m models\Qwen3.5-0.8B.Q4_K_M.gguf -f C:\Users\AJohn\AppData\Local\Temp\tmpx9wtbcc3.txt,"证书文本：兹任命郝八十为行政主管。

[Start thinking]

让我分析一下这个任命证书的中文表达逻辑：

1. 文字内容：""兹任命郝八十为行政主管""
2. 中文表达逻辑分析：
- ""兹""：表示“因此”、“鉴于”，是公文中的常见开头语，表示陈述背景或理由
- ""任命""：llama_memory_breakdown_print: | memory breakdown [MiB] | total   free    self   model   context   compute    unaccounted |
llama_memory_breakdown_print: |   - Host               |                 4369 =   492 +    3091 +     786                |
llama_memory_breakdown_print: |   - CPU_REPACK         |                  181 =   181 +       0 +       0                |


[ Prompt: 286.7 t/s | Generation: 55.4 t/s ]",,True,False
0032,2026-03-25T19:59:07,"请判断以下任命证书文本是否符合中文表达逻辑，只回答'合理'或'不合理'，不要有其他内容。
证书文本：聘任花六十五为产品运营总监。",64,63,models\Qwen3.5-0.8B.Q4_K_M.gguf,build\bin\Release\local_llm.exe,64,ok,2.385174036026001,0.008515550203972462,4.011644124984741,562,191,0,build\bin\Release\local_llm.exe --simple-io -st --no-warmup -n 64 -m models\Qwen3.5-0.8B.Q4_K_M.gguf -f C:\Users\AJohn\AppData\Local\Temp\tmp7m_uibhz.txt,"证书文本：聘任花六十五为产品运营总监。

[Start thinking]

我需要判断“聘任花六十五为产品运营总监”这个任命证书文本是否符合中文表达逻辑。

让我分析这个任命：
1. 首先看“花六十五”这个名字，这应该是一个人的姓名，但作为普通人名，作为“花六十五”作为产品运营总监，这在常规llama_memory_breakdown_print: | memory breakdown [MiB] | total   free    self   model   context   compute    unaccounted |
llama_memory_breakdown_print: |   - Host               |                 4369 =   492 +    3091 +     786                |
llama_memory_breakdown_print: |   - CPU_REPACK         |                  181 =   181 +       0 +       0                |


[ Prompt: 318.8 t/s | Generation: 47.4 t/s ]",,True,False
0033,2026-03-25T19:59:11,"请判断以下任命证书文本是否符合中文表达逻辑，只回答'合理'或'不合理'，不要有其他内容。
证书文本：聘任花六十五为产品运营总监，但产品尚未上线。",72,71,models\Qwen3.5-0.8B.Q4_K_M.gguf,build\bin\Release\local_llm.exe,64,ok,2.5117368698120117,0.008493829417873073,4.08309531211853,569,185,0,build\bin\Release\local_llm.exe --simple-io -st --no-warmup -n 64 -m models\Qwen3.5-0.8B.Q4_K_M.gguf -f C:\Users\AJohn\AppData\Local\Temp\tmp6cw8_o_k.txt,"证书文本：聘任花六十五为产品运营总监，但产品尚未上线。

[Start thinking]

我需要分析这个任命证书文本是否符合中文表达逻辑。

让我逐步分析：
1. 首先，查看文本内容：""聘任花六十五为产品运营总监，但产品尚未上线""

2. 检查第一部分：任命内容
   - 身份：花六十五
   - 职位llama_memory_breakdown_print: | memory breakdown [MiB] | total   free    self   model   context   compute    unaccounted |
llama_memory_breakdown_print: |   - Host               |                 4369 =   492 +    3091 +     786                |
llama_memory_breakdown_print: |   - CPU_REPACK         |                  181 =   181 +       0 +       0                |


[ Prompt: 332.4 t/s | Generation: 50.3 t/s ]",,False,False
0034,2026-03-25T19:59:15,"请判断以下任命证书文本是否符合中文表达逻辑，只回答'合理'或'不合理'，不要有其他内容。
证书文本：经总经理提名，聘任邹四十七为副总经理，但邹四十七已被免职。",79,78,models\Qwen3.5-0.8B.Q4_K_M.gguf,build\bin\Release\local_llm.exe,64,ok,2.401432752609253,0.0075159595937145,3.874560832977295,572,196,0,build\bin\Release\local_llm.exe --simple-io -st --no-warmup -n 64 -m models\Qwen3.5-0.8B.Q4_K_M.gguf -f C:\Users\AJohn\AppData\Local\Temp\tmpkzlko9lu.txt,"证书文本：经总经理提名，聘任邹四十七为副总经理，但邹四十七已被免职。

[Start thinking]

让我分析这个任命证书文本的中文表达逻辑：

1. 第一句提到""经总经理提名""，这是任命流程中的常规表述，表示提名过程。

2. 接着说""聘任邹四十七为副总经理""，这是正式任命行为。

3. 关键部分是""但邹llama_memory_breakdown_print: | memory breakdown [MiB] | total   free    self   model   context   compute    unaccounted |
llama_memory_breakdown_print: |   - Host               |                 4369 =   492 +    3091 +     786                |
llama_memory_breakdown_print: |   - CPU_REPACK         |                  181 =   181 +       0 +       0                |


[ Prompt: 316.3 t/s | Generation: 56.3 t/s ]",,False,False
0035,2026-03-25T19:59:19,"请判断以下任命证书文本是否符合中文表达逻辑，只回答'合理'或'不合理'，不要有其他内容。
证书文本：聘任戚四十五为信息化部经理，推进数字化转型。",72,71,models\Qwen3.5-0.8B.Q4_K_M.gguf,build\bin\Release\local_llm.exe,64,ok,2.339437484741211,0.007120674636763365,3.7422103881835938,572,197,0,build\bin\Release\local_llm.exe --simple-io -st --no-warmup -n 64 -m models\Qwen3.5-0.8B.Q4_K_M.gguf -f C:\Users\AJohn\AppData\Local\Temp\tmp229cydgm.txt,"证书文本：聘任戚四十五为信息化部经理，推进数字化转型。

[Start thinking]

我需要判断这个任命证书文本是否符合中文表达逻辑。

让我分析这个文本：
1. 第一部分""聘任戚四十五为信息化部经理"" - 这是任命行为，""聘任""是合适的动词，""戚四十五""是人名，""信息化部经理""是职务名称
2. 第二部分llama_memory_breakdown_print: | memory breakdown [MiB] | total   free    self   model   context   compute    unaccounted |
llama_memory_breakdown_print: |   - Host               |                 4369 =   492 +    3091 +     786                |
llama_memory_breakdown_print: |   - CPU_REPACK         |                  181 =   181 +       0 +       0                |


[ Prompt: 298.9 t/s | Generation: 56.7 t/s ]",,True,False
0036,2026-03-25T19:59:23,"请判断以下任命证书文本是否符合中文表达逻辑，只回答'合理'或'不合理'，不要有其他内容。
证书文本：任命黄十五为西南大区经理，负责区域市场开拓，然而黄十五从未去过西南。",84,83,models\Qwen3.5-0.8B.Q4_K_M.gguf,build\bin\Release\local_llm.exe,64,ok,2.4651973247528076,0.006930808608348553,3.9068055152893066,587,208,0,build\bin\Release\local_llm.exe --simple-io -st --no-warmup -n 64 -m models\Qwen3.5-0.8B.Q4_K_M.gguf -f C:\Users\AJohn\AppData\Local\Temp\tmpnmsv2k26.txt,"证书文本：任命黄十五为西南大区经理，负责区域市场开拓，然而黄十五从未去过西南。

[Start thinking]

我需要分析这个任命证书文本的逻辑合理性。

1. 首先，我需要理解任命证书的含义：
- 任命黄十五为西南大区经理
- 这是一个正式的职务任命，意味着黄十五将被任命为西南大区经理

2. 其次，我需要分析文本中的关键信息：
- llama_memory_breakdown_print: | memory breakdown [MiB] | total   free    self   model   context   compute    unaccounted |
llama_memory_breakdown_print: |   - Host               |                 4369 =   492 +    3091 +     786                |
llama_memory_breakdown_print: |   - CPU_REPACK         |                  181 =   181 +       0 +       0                |


[ Prompt: 338.0 t/s | Generation: 54.6 t/s ]",,False,True
0037,2026-03-25T19:59:27,"请判断以下任命证书文本是否符合中文表达逻辑，只回答'合理'或'不合理'，不要有其他内容。
证书文本：兹任命葛五十六为审计副总监，但审计部已被撤销。",73,72,models\Qwen3.5-0.8B.Q4_K_M.gguf,build\bin\Release\local_llm.exe,64,ok,2.311933755874634,0.008409973113767562,3.8761887550354004,562,186,0,build\bin\Release\local_llm.exe --simple-io -st --no-warmup -n 64 -m models\Qwen3.5-0.8B.Q4_K_M.gguf -f C:\Users\AJohn\AppData\Local\Temp\tmp4xzwnlvm.txt,"证书文本：兹任命葛五十六为审计副总监，但审计部已被撤销。

[Start thinking]

我需要分析这个任命证书文本的逻辑性。

文本内容：""兹任命葛五十六为审计副总监，但审计部已被撤销。""

首先，我需要理解任命证书的基本构成：
1. 任命主体（谁任命）
2. 被任命人（被任命的人）
llama_memory_breakdown_print: | memory breakdown [MiB] | total   free    self   model   context   compute    unaccounted |
llama_memory_breakdown_print: |   - Host               |                 4369 =   492 +    3091 +     786                |
llama_memory_breakdown_print: |   - CPU_REPACK         |                  181 =   181 +       0 +       0                |


[ Prompt: 259.3 t/s | Generation: 50.7 t/s ]",,False,False
0038,2026-03-25T19:59:31,"请判断以下任命证书文本是否符合中文表达逻辑，只回答'合理'或'不合理'，不要有其他内容。
证书文本：兹任命郎六十为质量副经理。",63,62,models\Qwen3.5-0.8B.Q4_K_M.gguf,build\bin\Release\local_llm.exe,64,ok,2.344575881958008,0.009500535719233788,3.8931632041931152,547,163,0,build\bin\Release\local_llm.exe --simple-io -st --no-warmup -n 64 -m models\Qwen3.5-0.8B.Q4_K_M.gguf -f C:\Users\AJohn\AppData\Local\Temp\tmpn9ndlovg.txt,"证书文本：兹任命郎六十为质量副经理。

[Start thinking]

让我分析这个任命证书文本的语法和逻辑：

1. 主体：郎（这是人名，应该是“郎某某”）
2. 职位：质量副经理
3. 职务级别：副经理

检查逻辑关系：
- 人名 + 职务 = 任命
- llama_memory_breakdown_print: | memory breakdown [MiB] | total   free    self   model   context   compute    unaccounted |
llama_memory_breakdown_print: |   - Host               |                 4369 =   492 +    3091 +     786                |
llama_memory_breakdown_print: |   - CPU_REPACK         |                  181 =   181 +       0 +       0                |


[ Prompt: 326.8 t/s | Generation: 51.7 t/s ]",,True,False
0039,2026-03-25T19:59:35,"请判断以下任命证书文本是否符合中文表达逻辑，只回答'合理'或'不合理'，不要有其他内容。
证书文本：经办公室决定，聘任常八十三为前台主管。",69,68,models\Qwen3.5-0.8B.Q4_K_M.gguf,build\bin\Release\local_llm.exe,64,ok,2.383504629135132,0.009157428201639428,3.839535713195801,724,159,0,build\bin\Release\local_llm.exe --simple-io -st --no-warmup -n 64 -m models\Qwen3.5-0.8B.Q4_K_M.gguf -f C:\Users\AJohn\AppData\Local\Temp\tmpdoffnjn3.txt,"证书文本：经办公室决定，聘任常八十三为前台主管。

[Start thinking]

Thinking Process:

1.  **Analyze the Request:** The user wants to know if a specific任命证书 (appointment certificate) text follows Chinese logical expression rules. The output must be strictly ""合理"" (reasonable) or ""不合理"" (unreasonable), with no other content.

2.  **Anllama_memory_breakdown_print: | memory breakdown [MiB] | total   free    self   model   context   compute    unaccounted |
llama_memory_breakdown_print: |   - Host               |                 4369 =   492 +    3091 +     786                |
llama_memory_breakdown_print: |   - CPU_REPACK         |                  181 =   181 +       0 +       0                |


[ Prompt: 304.6 t/s | Generation: 54.2 t/s ]",,True,False
0040,2026-03-25T19:59:39,"请判断以下任命证书文本是否符合中文表达逻辑，只回答'合理'或'不合理'，不要有其他内容。
证书文本：经公司董事会研究决定，任命张三为技术部经理，自2025年1月1日起生效。",86,82,models\Qwen3.5-0.8B.Q4_K_M.gguf,build\bin\Release\local_llm.exe,64,ok,2.3819680213928223,0.008464363488284025,3.8716959953308105,583,176,0,build\bin\Release\local_llm.exe --simple-io -st --no-warmup -n 64 -m models\Qwen3.5-0.8B.Q4_K_M.gguf -f C:\Users\AJohn\AppData\Local\Temp\tmpqx8ke6u_.txt,"证书文本：经公司董事会研究决定，任命张三为技术部经理，自2025年1月1日起生效。

[Start thinking]

1.  **分析文本内容**：
    *   事件：任命张三为技术部经理。
    *   依据/过程：经公司董事会研究决定。
    *   生效时间：自2025年1月1日起生效。
    *   主体：张三。llama_memory_breakdown_print: | memory breakdown [MiB] | total   free    self   model   context   compute    unaccounted |
llama_memory_breakdown_print: |   - Host               |                 4369 =   492 +    3091 +     786                |
llama_memory_breakdown_print: |   - CPU_REPACK         |                  181 =   181 +       0 +       0                |


[ Prompt: 329.7 t/s | Generation: 53.0 t/s ]",,True,False
0041,2026-03-25T19:59:42,"请判断以下任命证书文本是否符合中文表达逻辑，只回答'合理'或'不合理'，不要有其他内容。
证书文本：兹任命宋十七为首席安全官，但公司不设此职位。",72,71,models\Qwen3.5-0.8B.Q4_K_M.gguf,build\bin\Release\local_llm.exe,64,ok,2.271772623062134,0.007352197589586728,3.7348599433898926,578,199,0,build\bin\Release\local_llm.exe --simple-io -st --no-warmup -n 64 -m models\Qwen3.5-0.8B.Q4_K_M.gguf -f C:\Users\AJohn\AppData\Local\Temp\tmpl6fnnhj3.txt,"证书文本：兹任命宋十七为首席安全官，但公司不设此职位。

[Start thinking]

让我分析一下这个任命证书文本的逻辑和表达质量。

文本内容：
1. ""兹任命宋十七为首席安全官"" - 这是一个完整的任命表述，格式正确
2. ""但公司不设此职位"" - 这是一个重要的转折和说明，表明公司实际上没有这个职位

逻辑分析llama_memory_breakdown_print: | memory breakdown [MiB] | total   free    self   model   context   compute    unaccounted |
llama_memory_breakdown_print: |   - Host               |                 4369 =   492 +    3091 +     786                |
llama_memory_breakdown_print: |   - CPU_REPACK         |                  181 =   181 +       0 +       0                |


[ Prompt: 297.6 t/s | Generation: 56.6 t/s ]",,False,False
0042,2026-03-25T19:59:46,"请判断以下任命证书文本是否符合中文表达逻辑，只回答'合理'或'不合理'，不要有其他内容。
证书文本：聘任岑七十三为数据科学家，但公司无数据可用。",72,71,models\Qwen3.5-0.8B.Q4_K_M.gguf,build\bin\Release\local_llm.exe,64,ok,2.3114519119262695,0.008464163449144116,3.945035457611084,568,193,0,build\bin\Release\local_llm.exe --simple-io -st --no-warmup -n 64 -m models\Qwen3.5-0.8B.Q4_K_M.gguf -f C:\Users\AJohn\AppData\Local\Temp\tmpxcoozdwu.txt,"证书文本：聘任岑七十三为数据科学家，但公司无数据可用。

[Start thinking]

我需要分析这个任命证书文本是否符合中文表达逻辑。

1. 首先，我检查文本内容：聘任岑七十三为数据科学家，但公司无数据可用。

2. 分析第一个部分""聘任岑七十三为数据科学家""：
- ""聘任""是任命、聘任的正确用llama_memory_breakdown_print: | memory breakdown [MiB] | total   free    self   model   context   compute    unaccounted |
llama_memory_breakdown_print: |   - Host               |                 4369 =   492 +    3091 +     786                |
llama_memory_breakdown_print: |   - CPU_REPACK         |                  181 =   181 +       0 +       0                |


[ Prompt: 313.2 t/s | Generation: 48.7 t/s ]",,False,False
0043,2026-03-25T19:59:50,"请判断以下任命证书文本是否符合中文表达逻辑，只回答'合理'或'不合理'，不要有其他内容。
证书文本：兹任命秦三十为华东大区销售总监。",66,65,models\Qwen3.5-0.8B.Q4_K_M.gguf,build\bin\Release\local_llm.exe,64,ok,2.2452824115753174,0.008318891023334704,3.825871706008911,570,190,0,build\bin\Release\local_llm.exe --simple-io -st --no-warmup -n 64 -m models\Qwen3.5-0.8B.Q4_K_M.gguf -f C:\Users\AJohn\AppData\Local\Temp\tmp3506dwz7.txt,"证书文本：兹任命秦三十为华东大区销售总监。

[Start thinking]

让我分析这个任命证书文本的逻辑问题：

1. 文本中的称谓：""秦三十""
   - 这是一个具体的人名，意味着这个人已经存在，具有法定身份
   - 如果是一个职位头衔，应该使用""秦三十的华东大区销售总监""等表述，而不是直接叫""秦llama_memory_breakdown_print: | memory breakdown [MiB] | total   free    self   model   context   compute    unaccounted |
llama_memory_breakdown_print: |   - Host               |                 4369 =   492 +    3091 +     786                |
llama_memory_breakdown_print: |   - CPU_REPACK         |                  181 =   181 +       0 +       0                |


[ Prompt: 318.9 t/s | Generation: 49.4 t/s ]",,True,False
0044,2026-03-25T19:59:54,"请判断以下任命证书文本是否符合中文表达逻辑，只回答'合理'或'不合理'，不要有其他内容。
证书文本：兹任命鲍六十八为测试部经理。",64,63,models\Qwen3.5-0.8B.Q4_K_M.gguf,build\bin\Release\local_llm.exe,64,ok,2.376389503479004,0.00762091495178558,3.7633960247039795,562,182,0,build\bin\Release\local_llm.exe --simple-io -st --no-warmup -n 64 -m models\Qwen3.5-0.8B.Q4_K_M.gguf -f C:\Users\AJohn\AppData\Local\Temp\tmpxzgiee6o.txt,"证书文本：兹任命鲍六十八为测试部经理。

[Start thinking]

让我分析这个任命证书文本是否符合中文表达逻辑：

1. 文本内容：""兹任命鲍六十八为测试部经理""

2. 中文表达逻辑分析：
   - ""兹"" - 表示""兹定于...""，是中文公文中正式表示任命/任命某人的标准用语，llama_memory_breakdown_print: | memory breakdown [MiB] | total   free    self   model   context   compute    unaccounted |
llama_memory_breakdown_print: |   - Host               |                 4369 =   492 +    3091 +     786                |
llama_memory_breakdown_print: |   - CPU_REPACK         |                  181 =   181 +       0 +       0                |


[ Prompt: 295.5 t/s | Generation: 57.1 t/s ]",,True,False
0045,2026-03-25T19:59:58,"请判断以下任命证书文本是否符合中文表达逻辑，只回答'合理'或'不合理'，不要有其他内容。
证书文本：根据工作需要，任命陈十二为华东区域经理。",70,69,models\Qwen3.5-0.8B.Q4_K_M.gguf,build\bin\Release\local_llm.exe,64,ok,2.4006614685058594,0.0068169773793688,3.7913248538970947,579,204,0,build\bin\Release\local_llm.exe --simple-io -st --no-warmup -n 64 -m models\Qwen3.5-0.8B.Q4_K_M.gguf -f C:\Users\AJohn\AppData\Local\Temp\tmp95ey370b.txt,"证书文本：根据工作需要，任命陈十二为华东区域经理。

[Start thinking]

我需要分析这个任命证书文本是否符合中文表达逻辑。

首先，分析文本内容：""根据工作需要，任命陈十二为华东区域经理。""

接下来，逐字检查逻辑和表达：
1. ""根据工作需要"" - 这个理由充分，说明任命是基于客观条件（工作需要），符合逻辑，llama_memory_breakdown_print: | memory breakdown [MiB] | total   free    self   model   context   compute    unaccounted |
llama_memory_breakdown_print: |   - Host               |                 4369 =   492 +    3091 +     786                |
llama_memory_breakdown_print: |   - CPU_REPACK         |                  181 =   181 +       0 +       0                |


[ Prompt: 294.8 t/s | Generation: 56.6 t/s ]",,True,False
0046,2026-03-25T20:00:02,"请判断以下任命证书文本是否符合中文表达逻辑，只回答'合理'或'不合理'，不要有其他内容。
证书文本：经人力部决议，聘任倪七十五为员工关系经理，但员工关系由HRBP兼任。",84,80,models\Qwen3.5-0.8B.Q4_K_M.gguf,build\bin\Release\local_llm.exe,64,ok,2.320354700088501,0.007189015929515545,3.8156700134277344,588,208,0,build\bin\Release\local_llm.exe --simple-io -st --no-warmup -n 64 -m models\Qwen3.5-0.8B.Q4_K_M.gguf -f C:\Users\AJohn\AppData\Local\Temp\tmpj6navn66.txt,"证书文本：经人力部决议，聘任倪七十五为员工关系经理，但员工关系由HRBP兼任。

[Start thinking]

我需要判断这段任命证书文本是否符合中文表达逻辑。

让我分析这个文本：
1. ""经人力部决议"" - 这是正常的中文表达，说明是一个经过人力资源部的决策。
2. ""聘任倪七十五为员工关系经理"" - 这里出现了""聘任""，但在中文中，llama_memory_breakdown_print: | memory breakdown [MiB] | total   free    self   model   context   compute    unaccounted |
llama_memory_breakdown_print: |   - Host               |                 4369 =   492 +    3091 +     786                |
llama_memory_breakdown_print: |   - CPU_REPACK         |                  181 =   181 +       0 +       0                |


[ Prompt: 340.2 t/s | Generation: 53.7 t/s ]",,False,False
0047,2026-03-25T20:00:05,"请判断以下任命证书文本是否符合中文表达逻辑，只回答'合理'或'不合理'，不要有其他内容。
证书文本：兹聘任林十四为法务部总监，自2025年3月1日起生效，但林十四已被刑事拘留。",88,84,models\Qwen3.5-0.8B.Q4_K_M.gguf,build\bin\Release\local_llm.exe,64,ok,2.293396472930908,0.0075355456425593445,3.7628278732299805,580,195,0,build\bin\Release\local_llm.exe --simple-io -st --no-warmup -n 64 -m models\Qwen3.5-0.8B.Q4_K_M.gguf -f C:\Users\AJohn\AppData\Local\Temp\tmpp0wz8qs5.txt,"证书文本：兹聘任林十四为法务部总监，自2025年3月1日起生效，但林十四已被刑事拘留。

[Start thinking]

我需要判断这个任命证书文本是否符合中文表达逻辑。

让我逐一分析关键信息：
1. 姓名：林十四 - 这是中文名，正确
2. 职位：法务部总监 - 这是正式职位名称，正确
3. 生效日期：2025年3月1日llama_memory_breakdown_print: | memory breakdown [MiB] | total   free    self   model   context   compute    unaccounted |
llama_memory_breakdown_print: |   - Host               |                 4369 =   492 +    3091 +     786                |
llama_memory_breakdown_print: |   - CPU_REPACK         |                  181 =   181 +       0 +       0                |


[ Prompt: 317.5 t/s | Generation: 55.0 t/s ]",,False,False
0048,2026-03-25T20:00:09,"请判断以下任命证书文本是否符合中文表达逻辑，只回答'合理'或'不合理'，不要有其他内容。
证书文本：聘任史六十九为运维总监，但系统已上云，无运维需求。",75,74,models\Qwen3.5-0.8B.Q4_K_M.gguf,build\bin\Release\local_llm.exe,64,ok,2.3014042377471924,0.008294439315795899,3.794403314590454,580,180,0,build\bin\Release\local_llm.exe --simple-io -st --no-warmup -n 64 -m models\Qwen3.5-0.8B.Q4_K_M.gguf -f C:\Users\AJohn\AppData\Local\Temp\tmp18eyf3bq.txt,"证书文本：聘任史六十九为运维总监，但系统已上云，无运维需求。

[Start thinking]

1.  **分析题目要求**：
    *   任务是判断给定的任命证书文本是否符合中文表达逻辑。
    *   输出只需要是 '合理' 或 '不合理'。
    *   不要输出任何解释或多余内容。

2.  **分析文本内容llama_memory_breakdown_print: | memory breakdown [MiB] | total   free    self   model   context   compute    unaccounted |
llama_memory_breakdown_print: |   - Host               |                 4369 =   492 +    3091 +     786                |
llama_memory_breakdown_print: |   - CPU_REPACK         |                  181 =   181 +       0 +       0                |


[ Prompt: 336.4 t/s | Generation: 52.8 t/s ]",,False,False
0049,2026-03-25T20:00:13,"请判断以下任命证书文本是否符合中文表达逻辑，只回答'合理'或'不合理'，不要有其他内容。
证书文本：兹任命宋十七为首席安全官，主管公司信息安全。",72,71,models\Qwen3.5-0.8B.Q4_K_M.gguf,build\bin\Release\local_llm.exe,64,ok,2.356710433959961,0.007056627787795721,3.796262502670288,576,204,0,build\bin\Release\local_llm.exe --simple-io -st --no-warmup -n 64 -m models\Qwen3.5-0.8B.Q4_K_M.gguf -f C:\Users\AJohn\AppData\Local\Temp\tmpwpfe3txs.txt,"证书文本：兹任命宋十七为首席安全官，主管公司信息安全。

[Start thinking]

我需要分析这个任命证书文本是否符合中文表达逻辑。

首先，让我查看文本内容：""兹任命宋十七为首席安全官，主管公司信息安全。""

1. **职务名称**：中文中有""首席安全官""这个职位名称，这是中文外交官/官员职称的常见用法，表示llama_memory_breakdown_print: | memory breakdown [MiB] | total   free    self   model   context   compute    unaccounted |
llama_memory_breakdown_print: |   - Host               |                 4369 =   492 +    3091 +     786                |
llama_memory_breakdown_print: |   - CPU_REPACK         |                  181 =   181 +       0 +       0                |


[ Prompt: 321.7 t/s | Generation: 54.6 t/s ]",,True,False
0050,2026-03-25T20:00:17,"请判断以下任命证书文本是否符合中文表达逻辑，只回答'合理'或'不合理'，不要有其他内容。
证书文本：任命卫二十五为华中区域总经理，自2025年4月1日起生效，但卫二十五仍在服刑。",89,85,models\Qwen3.5-0.8B.Q4_K_M.gguf,build\bin\Release\local_llm.exe,64,ok,2.4514353275299072,0.007296749440635123,3.9472689628601074,581,205,0,build\bin\Release\local_llm.exe --simple-io -st --no-warmup -n 64 -m models\Qwen3.5-0.8B.Q4_K_M.gguf -f C:\Users\AJohn\AppData\Local\Temp\tmpffetfj_7.txt,"证书文本：任命卫二十五为华中区域总经理，自2025年4月1日起生效，但卫二十五仍在服刑。

[Start thinking]

1. 首先，我需要理解题目要求：请判断以下任命证书文本是否符合中文表达逻辑，只回答'合理'或'不合理'，不要有其他内容。
2. 接下来，我分析文本内容：任命卫二十五为华中区域总经理，自2025年4月1日起llama_memory_breakdown_print: | memory breakdown [MiB] | total   free    self   model   context   compute    unaccounted |
llama_memory_breakdown_print: |   - Host               |                 4369 =   492 +    3091 +     786                |
llama_memory_breakdown_print: |   - CPU_REPACK         |                  181 =   181 +       0 +       0                |


[ Prompt: 322.3 t/s | Generation: 52.1 t/s ]",,False,False
0051,2026-03-25T20:00:21,"请判断以下任命证书文本是否符合中文表达逻辑，只回答'合理'或'不合理'，不要有其他内容。
证书文本：兹任命李四担任销售总监，全面负责销售团队管理工作。",75,74,models\Qwen3.5-0.8B.Q4_K_M.gguf,build\bin\Release\local_llm.exe,64,ok,2.305000066757202,0.007121207109138147,3.7363626956939697,579,201,0,build\bin\Release\local_llm.exe --simple-io -st --no-warmup -n 64 -m models\Qwen3.5-0.8B.Q4_K_M.gguf -f C:\Users\AJohn\AppData\Local\Temp\tmpcy9y2vjl.txt,"证书文本：兹任命李四担任销售总监，全面负责销售团队管理工作。

[Start thinking]

我需要分析这个任命证书文本是否符合中文表达逻辑。

文本内容：""兹任命李四担任销售总监，全面负责销售团队管理工作。""

让我逐一检查关键点：

1. ""兹"" - 这是中文中任命/授予的常用词汇，表示正式任命/授予，语法正确。

llama_memory_breakdown_print: | memory breakdown [MiB] | total   free    self   model   context   compute    unaccounted |
llama_memory_breakdown_print: |   - Host               |                 4369 =   492 +    3091 +     786                |
llama_memory_breakdown_print: |   - CPU_REPACK         |                  181 =   181 +       0 +       0                |


[ Prompt: 331.9 t/s | Generation: 55.5 t/s ]",,True,False
0052,2026-03-25T20:00:24,"请判断以下任命证书文本是否符合中文表达逻辑，只回答'合理'或'不合理'，不要有其他内容。
证书文本：兹聘任褚二十四为首席运营官，负责日常运营工作。",73,72,models\Qwen3.5-0.8B.Q4_K_M.gguf,build\bin\Release\local_llm.exe,64,ok,2.4901084899902344,0.008624644448914504,4.189163446426392,573,197,0,build\bin\Release\local_llm.exe --simple-io -st --no-warmup -n 64 -m models\Qwen3.5-0.8B.Q4_K_M.gguf -f C:\Users\AJohn\AppData\Local\Temp\tmp3k24qz_z.txt,"证书文本：兹聘任褚二十四为首席运营官，负责日常运营工作。

[Start thinking]

1.  **分析任务**：用户希望判断一个中文任命证书文本是否符合中文表达逻辑。需要输出'合理'或'不合理'，且不要有其他内容。

2.  **分析文本**：文本是“兹聘任褚二十四为首席运营官，负责日常运营工作”。

3llama_memory_breakdown_print: | memory breakdown [MiB] | total   free    self   model   context   compute    unaccounted |
llama_memory_breakdown_print: |   - Host               |                 4369 =   492 +    3091 +     786                |
llama_memory_breakdown_print: |   - CPU_REPACK         |                  181 =   181 +       0 +       0                |


[ Prompt: 321.4 t/s | Generation: 45.2 t/s ]",,True,False
0053,2026-03-25T20:00:29,"请判断以下任命证书文本是否符合中文表达逻辑，只回答'合理'或'不合理'，不要有其他内容。
证书文本：聘任邬八十一为后勤主管。",62,61,models\Qwen3.5-0.8B.Q4_K_M.gguf,build\bin\Release\local_llm.exe,64,ok,2.4529263973236084,0.010896315408307452,4.32709264755249,554,172,0,build\bin\Release\local_llm.exe --simple-io -st --no-warmup -n 64 -m models\Qwen3.5-0.8B.Q4_K_M.gguf -f C:\Users\AJohn\AppData\Local\Temp\tmpsca5_wup.txt,"证书文本：聘任邬八十一为后勤主管。

[Start thinking]

1. 首先，我需要理解任务：请判断以下任命证书文本是否符合中文表达逻辑，只回答'合理'或'不合理'，不要有其他内容。

2. 分析文本内容：
   - 任命对象：邬八十一
   - 职位任命：为后勤主管
llama_memory_breakdown_print: | memory breakdown [MiB] | total   free    self   model   context   compute    unaccounted |
llama_memory_breakdown_print: |   - Host               |                 4369 =   492 +    3091 +     786                |
llama_memory_breakdown_print: |   - CPU_REPACK         |                  181 =   181 +       0 +       0                |


[ Prompt: 286.8 t/s | Generation: 40.3 t/s ]",,True,False
0054,2026-03-25T20:00:33,"请判断以下任命证书文本是否符合中文表达逻辑，只回答'合理'或'不合理'，不要有其他内容。
证书文本：聘任钱十一为总工程师，但钱十一学历造假。",70,69,models\Qwen3.5-0.8B.Q4_K_M.gguf,build\bin\Release\local_llm.exe,64,ok,2.542874336242676,0.008746689887502086,4.283465623855591,571,199,0,build\bin\Release\local_llm.exe --simple-io -st --no-warmup -n 64 -m models\Qwen3.5-0.8B.Q4_K_M.gguf -f C:\Users\AJohn\AppData\Local\Temp\tmp26_9ed5d.txt,"证书文本：聘任钱十一为总工程师，但钱十一学历造假。

[Start thinking]

1. 首先分析任命证书文本：“聘任钱十一为总工程师，但钱十一学历造假。”
2. 检查逻辑关系：任命证书中包含了两个关键信息——“聘任”和“学历造假”。
3. 判断是否存在逻辑矛盾：在中国法律、行政法规及职业道德规范中，如果llama_memory_breakdown_print: | memory breakdown [MiB] | total   free    self   model   context   compute    unaccounted |
llama_memory_breakdown_print: |   - Host               |                 4369 =   492 +    3091 +     786                |
llama_memory_breakdown_print: |   - CPU_REPACK         |                  181 =   181 +       0 +       0                |


[ Prompt: 283.0 t/s | Generation: 45.9 t/s ]",,False,False
0055,2026-03-25T20:00:37,"请判断以下任命证书文本是否符合中文表达逻辑，只回答'合理'或'不合理'，不要有其他内容。
证书文本：兹聘任褚二十四为首席运营官，但褚二十四已被解聘。",74,73,models\Qwen3.5-0.8B.Q4_K_M.gguf,build\bin\Release\local_llm.exe,64,ok,2.466294765472412,0.008785601818200314,4.205843925476074,568,198,0,build\bin\Release\local_llm.exe --simple-io -st --no-warmup -n 64 -m models\Qwen3.5-0.8B.Q4_K_M.gguf -f C:\Users\AJohn\AppData\Local\Temp\tmpnvjgzfn7.txt,"证书文本：兹聘任褚二十四为首席运营官，但褚二十四已被解聘。

[Start thinking]

1. 首先，我需要分析任命证书文本的内容。文本中明确提到“兹聘任褚二十四为首席运营官”和“但褚二十四已被解聘”。
2. 接下来，我理解中文逻辑表达规则。在一个正式的任命证书中，如果某人之前已经被解聘，再被聘任llama_memory_breakdown_print: | memory breakdown [MiB] | total   free    self   model   context   compute    unaccounted |
llama_memory_breakdown_print: |   - Host               |                 4369 =   492 +    3091 +     786                |
llama_memory_breakdown_print: |   - CPU_REPACK         |                  181 =   181 +       0 +       0                |


[ Prompt: 312.4 t/s | Generation: 45.7 t/s ]",,False,False
0056,2026-03-25T20:00:41,"请判断以下任命证书文本是否符合中文表达逻辑，只回答'合理'或'不合理'，不要有其他内容。
证书文本：兹任命孔三十七为质量总监，主管质量体系。",70,69,models\Qwen3.5-0.8B.Q4_K_M.gguf,build\bin\Release\local_llm.exe,64,ok,2.653151750564575,0.010004364259061758,4.363898038864136,576,171,0,build\bin\Release\local_llm.exe --simple-io -st --no-warmup -n 64 -m models\Qwen3.5-0.8B.Q4_K_M.gguf -f C:\Users\AJohn\AppData\Local\Temp\tmp8zz991xa.txt,"证书文本：兹任命孔三十七为质量总监，主管质量体系。

[Start thinking]

1.  **分析文本内容**：
    *   任命对象：孔三十七
    *   职位任命：质量总监
    *   职责说明：主管质量体系

2.  **分析中文逻辑与表达规范**：
    *   **称谓规范**：“质量总监llama_memory_breakdown_print: | memory breakdown [MiB] | total   free    self   model   context   compute    unaccounted |
llama_memory_breakdown_print: |   - Host               |                 4369 =   492 +    3091 +     786                |
llama_memory_breakdown_print: |   - CPU_REPACK         |                  181 =   181 +       0 +       0                |


[ Prompt: 248.6 t/s | Generation: 45.8 t/s ]",,True,False
0057,2026-03-25T20:00:46,"请判断以下任命证书文本是否符合中文表达逻辑，只回答'合理'或'不合理'，不要有其他内容。
证书文本：聘任史六十九为运维总监，保障系统稳定。",69,68,models\Qwen3.5-0.8B.Q4_K_M.gguf,build\bin\Release\local_llm.exe,64,ok,2.5338659286499023,0.008753063943650987,4.10941743850708,563,180,0,build\bin\Release\local_llm.exe --simple-io -st --no-warmup -n 64 -m models\Qwen3.5-0.8B.Q4_K_M.gguf -f C:\Users\AJohn\AppData\Local\Temp\tmpuzn9foq5.txt,"证书文本：聘任史六十九为运维总监，保障系统稳定。

[Start thinking]

让我分析这个任命证书文本：

1. 文本内容：""聘任史六十九为运维总监，保障系统稳定""

2. 逻辑分析：
   - ""聘任...""：这是任命、被任命，表示对史六十九的任命
   - ""为运维总监""：明确任命llama_memory_breakdown_print: | memory breakdown [MiB] | total   free    self   model   context   compute    unaccounted |
llama_memory_breakdown_print: |   - Host               |                 4369 =   492 +    3091 +     786                |
llama_memory_breakdown_print: |   - CPU_REPACK         |                  181 =   181 +       0 +       0                |


[ Prompt: 301.1 t/s | Generation: 49.7 t/s ]",,True,False
0058,2026-03-25T20:00:50,"请判断以下任命证书文本是否符合中文表达逻辑，只回答'合理'或'不合理'，不要有其他内容。
证书文本：聘任鲁六十一为生产副厂长，协助生产管理。",70,69,models\Qwen3.5-0.8B.Q4_K_M.gguf,build\bin\Release\local_llm.exe,64,ok,2.5958995819091797,0.008856885056746634,4.27870774269104,568,190,0,build\bin\Release\local_llm.exe --simple-io -st --no-warmup -n 64 -m models\Qwen3.5-0.8B.Q4_K_M.gguf -f C:\Users\AJohn\AppData\Local\Temp\tmpa7wjchba.txt,"证书文本：聘任鲁六十一为生产副厂长，协助生产管理。

[Start thinking]

我需要判断任命证书文本是否符合中文表达逻辑。

让我分析这个任命证书文本：
1. ""聘任"" - 这是任命/聘任的正式词汇，表示对某人职位的授予，符合中文任命语法的规范
2. ""鲁六十一"" - 人名，符合中文命名习惯
llama_memory_breakdown_print: | memory breakdown [MiB] | total   free    self   model   context   compute    unaccounted |
llama_memory_breakdown_print: |   - Host               |                 4369 =   492 +    3091 +     786                |
llama_memory_breakdown_print: |   - CPU_REPACK         |                  181 =   181 +       0 +       0                |


[ Prompt: 309.4 t/s | Generation: 48.1 t/s ]",,True,False
0059,2026-03-25T20:00:54,"请判断以下任命证书文本是否符合中文表达逻辑，只回答'合理'或'不合理'，不要有其他内容。
证书文本：经公开竞聘，聘用何十六为品牌部经理，任期两年。",73,72,models\Qwen3.5-0.8B.Q4_K_M.gguf,build\bin\Release\local_llm.exe,64,ok,2.4747278690338135,0.008201130842551207,4.073948383331299,573,195,0,build\bin\Release\local_llm.exe --simple-io -st --no-warmup -n 64 -m models\Qwen3.5-0.8B.Q4_K_M.gguf -f C:\Users\AJohn\AppData\Local\Temp\tmp3_h1lwjy.txt,"证书文本：经公开竞聘，聘用何十六为品牌部经理，任期两年。

[Start thinking]

我需要判断这个任命证书文本是否符合中文表达逻辑。

1. 首先分析文本内容：""经公开竞聘，聘用何十六为品牌部经理，任期两年。""

2. 逐部分分析：
   - ""经公开竞聘""：表明是通过公开程序（如公开考试、选拔）进行的llama_memory_breakdown_print: | memory breakdown [MiB] | total   free    self   model   context   compute    unaccounted |
llama_memory_breakdown_print: |   - Host               |                 4369 =   492 +    3091 +     786                |
llama_memory_breakdown_print: |   - CPU_REPACK         |                  181 =   181 +       0 +       0                |


[ Prompt: 322.3 t/s | Generation: 51.4 t/s ]",,True,False
0060,2026-03-25T20:00:58,"请判断以下任命证书文本是否符合中文表达逻辑，只回答'合理'或'不合理'，不要有其他内容。
证书文本：聘任于八十五为保密办主任。",63,62,models\Qwen3.5-0.8B.Q4_K_M.gguf,build\bin\Release\local_llm.exe,64,ok,2.5876708030700684,0.009542550632660402,4.3721277713775635,557,187,0,build\bin\Release\local_llm.exe --simple-io -st --no-warmup -n 64 -m models\Qwen3.5-0.8B.Q4_K_M.gguf -f C:\Users\AJohn\AppData\Local\Temp\tmp3mgpuqy_.txt,"证书文本：聘任于八十五为保密办主任。

[Start thinking]

1. 首先，我需要拆解文本：“聘任于八十五为保密办主任”。
2. 分析“聘任”：在中文公文和行政文件中，""聘任""是一个规范术语，指根据国家、部门或章程的规定，对特定人员作出任用决定，授予其职务。这符合中文公文llama_memory_breakdown_print: | memory breakdown [MiB] | total   free    self   model   context   compute    unaccounted |
llama_memory_breakdown_print: |   - Host               |                 4369 =   492 +    3091 +     786                |
llama_memory_breakdown_print: |   - CPU_REPACK         |                  181 =   181 +       0 +       0                |


[ Prompt: 275.4 t/s | Generation: 47.0 t/s ]",,True,False
0061,2026-03-25T20:01:03,"请判断以下任命证书文本是否符合中文表达逻辑，只回答'合理'或'不合理'，不要有其他内容。
证书文本：经董事会表决，聘任窦五十一为公司秘书。",69,68,models\Qwen3.5-0.8B.Q4_K_M.gguf,build\bin\Release\local_llm.exe,64,ok,2.414486885070801,0.008420068226503522,3.9132590293884277,559,178,0,build\bin\Release\local_llm.exe --simple-io -st --no-warmup -n 64 -m models\Qwen3.5-0.8B.Q4_K_M.gguf -f C:\Users\AJohn\AppData\Local\Temp\tmp4gq31rf6.txt,"证书文本：经董事会表决，聘任窦五十一为公司秘书。

[Start thinking]

1. 首先，我需要识别任命证书文本的核心信息：
- 行动主体：“经董事会表决”
- 关键决策：聘任
- 对象：“窦五十一”
- 职位：“为公司秘书”
- 动作：聘任

2. 接下来，我分析中文表达逻辑llama_memory_breakdown_print: | memory breakdown [MiB] | total   free    self   model   context   compute    unaccounted |
llama_memory_breakdown_print: |   - Host               |                 4369 =   492 +    3091 +     786                |
llama_memory_breakdown_print: |   - CPU_REPACK         |                  181 =   181 +       0 +       0                |


[ Prompt: 269.6 t/s | Generation: 52.0 t/s ]",,True,False
0062,2026-03-25T20:01:07,"请判断以下任命证书文本是否符合中文表达逻辑，只回答'合理'或'不合理'，不要有其他内容。
证书文本：经总经理办公会决议，任命孙十为运营总监。",70,69,models\Qwen3.5-0.8B.Q4_K_M.gguf,build\bin\Release\local_llm.exe,64,ok,2.4151992797851562,0.008549793687447039,4.0311102867126465,561,189,0,build\bin\Release\local_llm.exe --simple-io -st --no-warmup -n 64 -m models\Qwen3.5-0.8B.Q4_K_M.gguf -f C:\Users\AJohn\AppData\Local\Temp\tmp5sozjddx.txt,"证书文本：经总经理办公会决议，任命孙十为运营总监。

[Start thinking]

1. 首先，我需要理解题目要求：请判断以下任命证书文本是否符合中文表达逻辑，只回答'合理'或'不合理'，不要有其他内容。
2. 分析文本内容：""经总经理办公会决议，任命孙十为运营总监。""
3. 评估中文llama_memory_breakdown_print: | memory breakdown [MiB] | total   free    self   model   context   compute    unaccounted |
llama_memory_breakdown_print: |   - Host               |                 4369 =   492 +    3091 +     786                |
llama_memory_breakdown_print: |   - CPU_REPACK         |                  181 =   181 +       0 +       0                |


[ Prompt: 307.5 t/s | Generation: 48.2 t/s ]",,True,False
0063,2026-03-25T20:01:11,"请判断以下任命证书文本是否符合中文表达逻辑，只回答'合理'或'不合理'，不要有其他内容。
证书文本：兹聘任韩二十七为首席市场官，制定市场战略。",71,70,models\Qwen3.5-0.8B.Q4_K_M.gguf,build\bin\Release\local_llm.exe,64,ok,2.4234111309051514,0.011590083962992617,4.185103893280029,714,152,0,build\bin\Release\local_llm.exe --simple-io -st --no-warmup -n 64 -m models\Qwen3.5-0.8B.Q4_K_M.gguf -f C:\Users\AJohn\AppData\Local\Temp\tmpo1gvxqdq.txt,"证书文本：兹聘任韩二十七为首席市场官，制定市场战略。

[Start thinking]

Thinking Process:

1.  **Analyze the Request:**
    *   Task: Judge whether the given appointment certificate text follows Chinese expression logic.
    *   Output: Only '合理' (reasonable) or '不合理' (unreasonable). No other content.
    *   Text to check:llama_memory_breakdown_print: | memory breakdown [MiB] | total   free    self   model   context   compute    unaccounted |
llama_memory_breakdown_print: |   - Host               |                 4369 =   492 +    3091 +     786                |
llama_memory_breakdown_print: |   - CPU_REPACK         |                  181 =   181 +       0 +       0                |


[ Prompt: 230.2 t/s | Generation: 44.6 t/s ]",,True,False
0064,2026-03-25T20:01:15,"请判断以下任命证书文本是否符合中文表达逻辑，只回答'合理'或'不合理'，不要有其他内容。
证书文本：任命安八十二为车队队长。",62,61,models\Qwen3.5-0.8B.Q4_K_M.gguf,build\bin\Release\local_llm.exe,64,ok,2.266220808029175,0.007991442735167756,3.6567318439483643,551,174,0,build\bin\Release\local_llm.exe --simple-io -st --no-warmup -n 64 -m models\Qwen3.5-0.8B.Q4_K_M.gguf -f C:\Users\AJohn\AppData\Local\Temp\tmphqt60tf0.txt,"证书文本：任命安八十二为车队队长。

[Start thinking]

让我分析一下这个任命证书文本：

1. 文本内容：""任命安八十二为车队队长""

2. 逻辑检查：
- ""任命""是任命/授予官职的动词，表示授予某种头衔或职务
- ""安八十二""是人名，根据《三国演义》llama_memory_breakdown_print: | memory breakdown [MiB] | total   free    self   model   context   compute    unaccounted |
llama_memory_breakdown_print: |   - Host               |                 4369 =   492 +    3091 +     786                |
llama_memory_breakdown_print: |   - CPU_REPACK         |                  181 =   181 +       0 +       0                |


[ Prompt: 313.2 t/s | Generation: 57.0 t/s ]",,True,False
0065,2026-03-25T20:01:18,"请判断以下任命证书文本是否符合中文表达逻辑，只回答'合理'或'不合理'，不要有其他内容。
证书文本：兹任命顾九十六为检验室主任。",64,63,models\Qwen3.5-0.8B.Q4_K_M.gguf,build\bin\Release\local_llm.exe,64,ok,2.2540457248687744,0.00856536396300595,3.8043766021728516,556,181,0,build\bin\Release\local_llm.exe --simple-io -st --no-warmup -n 64 -m models\Qwen3.5-0.8B.Q4_K_M.gguf -f C:\Users\AJohn\AppData\Local\Temp\tmp89kh82us.txt,"证书文本：兹任命顾九十六为检验室主任。

[Start thinking]

我需要判断""兹任命顾九十六为检验室主任""是否符合中文表达逻辑。

分析：
1. 检查格式：中文任命证书通常采用""兹...为...""的格式，这里符合标准格式
2. 检查称谓：顾九十六是姓名，合理
3. 检查llama_memory_breakdown_print: | memory breakdown [MiB] | total   free    self   model   context   compute    unaccounted |
llama_memory_breakdown_print: |   - Host               |                 4369 =   492 +    3091 +     786                |
llama_memory_breakdown_print: |   - CPU_REPACK         |                  181 =   181 +       0 +       0                |


[ Prompt: 347.0 t/s | Generation: 53.8 t/s ]",,True,True
0066,2026-03-25T20:01:22,"请判断以下任命证书文本是否符合中文表达逻辑，只回答'合理'或'不合理'，不要有其他内容。
证书文本：任命袁六十六为商务拓展经理。",64,63,models\Qwen3.5-0.8B.Q4_K_M.gguf,build\bin\Release\local_llm.exe,64,ok,2.4710195064544678,0.008813894607804039,4.0222649574279785,557,176,0,build\bin\Release\local_llm.exe --simple-io -st --no-warmup -n 64 -m models\Qwen3.5-0.8B.Q4_K_M.gguf -f C:\Users\AJohn\AppData\Local\Temp\tmpbfx2um8x.txt,"证书文本：任命袁六十六为商务拓展经理。

[Start thinking]

让我分析这个任命证书文本是否符合中文表达逻辑：

1. 文本内容是：任命袁六十六为商务拓展经理

2. 检查语法结构：
- ""任命"" - 动词，表示授予职位
- ""袁六十六"" - 人名，需要是官名或正式称谓llama_memory_breakdown_print: | memory breakdown [MiB] | total   free    self   model   context   compute    unaccounted |
llama_memory_breakdown_print: |   - Host               |                 4369 =   492 +    3091 +     786                |
llama_memory_breakdown_print: |   - CPU_REPACK         |                  181 =   181 +       0 +       0                |


[ Prompt: 331.5 t/s | Generation: 51.9 t/s ]",,True,False
0067,2026-03-25T20:01:26,"请判断以下任命证书文本是否符合中文表达逻辑，只回答'合理'或'不合理'，不要有其他内容。
证书文本：任命雷七十四为算法工程师经理，但算法团队已解散。",74,73,models\Qwen3.5-0.8B.Q4_K_M.gguf,build\bin\Release\local_llm.exe,64,ok,2.2633984088897705,0.00811826873937419,3.8302242755889893,570,193,0,build\bin\Release\local_llm.exe --simple-io -st --no-warmup -n 64 -m models\Qwen3.5-0.8B.Q4_K_M.gguf -f C:\Users\AJohn\AppData\Local\Temp\tmp9imcvwnv.txt,"证书文本：任命雷七十四为算法工程师经理，但算法团队已解散。

[Start thinking]

1. **分析文本中的关键信息**：
- 任命雷七十四为算法工程师经理
- 但算法团队已解散
2. **判断逻辑关系**：
- 如果雷七十四是“算法工程师经理”，那么他一定是在一个“算法团队”存在的情况下工作的
llama_memory_breakdown_print: | memory breakdown [MiB] | total   free    self   model   context   compute    unaccounted |
llama_memory_breakdown_print: |   - Host               |                 4369 =   492 +    3091 +     786                |
llama_memory_breakdown_print: |   - CPU_REPACK         |                  181 =   181 +       0 +       0                |


[ Prompt: 314.4 t/s | Generation: 50.6 t/s ]",,False,False
0068,2026-03-25T20:01:30,"请判断以下任命证书文本是否符合中文表达逻辑，只回答'合理'或'不合理'，不要有其他内容。
证书文本：聘任殷七十七为绩效管理经理。",64,63,models\Qwen3.5-0.8B.Q4_K_M.gguf,build\bin\Release\local_llm.exe,64,ok,2.313903331756592,0.00879803570834073,3.8623576164245605,556,176,0,build\bin\Release\local_llm.exe --simple-io -st --no-warmup -n 64 -m models\Qwen3.5-0.8B.Q4_K_M.gguf -f C:\Users\AJohn\AppData\Local\Temp\tmpth2h9szn.txt,"证书文本：聘任殷七十七为绩效管理经理。

[Start thinking]

让我分析这个任命证书文本：

1. 文本内容：聘任殷七十七为绩效管理经理
2. 中文表达逻辑分析：
- 这是正式的任命/任命书/通知
- ""聘任"" 是标准的任命用语，表示正式任命某人任职
- 姓名 ""殷七llama_memory_breakdown_print: | memory breakdown [MiB] | total   free    self   model   context   compute    unaccounted |
llama_memory_breakdown_print: |   - Host               |                 4369 =   492 +    3091 +     786                |
llama_memory_breakdown_print: |   - CPU_REPACK         |                  181 =   181 +       0 +       0                |


[ Prompt: 359.5 t/s | Generation: 52.9 t/s ]",,True,False
0069,2026-03-25T20:01:34,"请判断以下任命证书文本是否符合中文表达逻辑，只回答'合理'或'不合理'，不要有其他内容。
证书文本：聘任殷七十七为绩效管理经理，但绩效管理职能已外包。",75,74,models\Qwen3.5-0.8B.Q4_K_M.gguf,build\bin\Release\local_llm.exe,64,ok,2.4115142822265625,0.007940289887739586,3.9439902305603027,570,193,0,build\bin\Release\local_llm.exe --simple-io -st --no-warmup -n 64 -m models\Qwen3.5-0.8B.Q4_K_M.gguf -f C:\Users\AJohn\AppData\Local\Temp\tmpzzd5nnrb.txt,"证书文本：聘任殷七十七为绩效管理经理，但绩效管理职能已外包。

[Start thinking]

让我分析这个任命证书文本：

1. 文本内容：聘任殷七十七为绩效管理经理，但绩效管理职能已外包。

2. 逻辑分析：
- 任命部分：聘任殷七十七为绩效管理经理，这是正确的任命（聘任某人做某个职务是合理的）
- llama_memory_breakdown_print: | memory breakdown [MiB] | total   free    self   model   context   compute    unaccounted |
llama_memory_breakdown_print: |   - Host               |                 4369 =   492 +    3091 +     786                |
llama_memory_breakdown_print: |   - CPU_REPACK         |                  181 =   181 +       0 +       0                |


[ Prompt: 337.7 t/s | Generation: 50.9 t/s ]",,False,True
0070,2026-03-25T20:01:38,"请判断以下任命证书文本是否符合中文表达逻辑，只回答'合理'或'不合理'，不要有其他内容。
证书文本：任命安八十二为车队队长，但公司已无车队。",70,69,models\Qwen3.5-0.8B.Q4_K_M.gguf,build\bin\Release\local_llm.exe,64,ok,2.4227659702301025,0.007537895060600119,3.839890241622925,567,188,0,build\bin\Release\local_llm.exe --simple-io -st --no-warmup -n 64 -m models\Qwen3.5-0.8B.Q4_K_M.gguf -f C:\Users\AJohn\AppData\Local\Temp\tmpuppaiqoj.txt,"证书文本：任命安八十二为车队队长，但公司已无车队。

[Start thinking]

我需要判断这个任命证书文本是否符合中文表达逻辑。

分析文本：
1. 任命内容：安八十二为车队队长
2. 实际情况：公司目前没有车队

逻辑判断：
1. 如果安八十二是车队队长，那么必须有一个车队
2. 既然公司""llama_memory_breakdown_print: | memory breakdown [MiB] | total   free    self   model   context   compute    unaccounted |
llama_memory_breakdown_print: |   - Host               |                 4369 =   492 +    3091 +     786                |
llama_memory_breakdown_print: |   - CPU_REPACK         |                  181 =   181 +       0 +       0                |


[ Prompt: 328.4 t/s | Generation: 56.0 t/s ]",,False,False
0071,2026-03-25T20:01:42,"请判断以下任命证书文本是否符合中文表达逻辑，只回答'合理'或'不合理'，不要有其他内容。
证书文本：任命郑九为人力资源总监，自即日起执行，但郑九尚未入职。",77,76,models\Qwen3.5-0.8B.Q4_K_M.gguf,build\bin\Release\local_llm.exe,64,ok,2.346132755279541,0.008880168769010313,3.74031925201416,731,157,0,build\bin\Release\local_llm.exe --simple-io -st --no-warmup -n 64 -m models\Qwen3.5-0.8B.Q4_K_M.gguf -f C:\Users\AJohn\AppData\Local\Temp\tmpdfafls8f.txt,"证书文本：任命郑九为人力资源总监，自即日起执行，但郑九尚未入职。

[Start thinking]

Thinking Process:

1.  **Analyze the Request:**
    *   Task: Determine if the given appointment certificate text follows Chinese expression logic.
    *   Output: Only '合理' (reasonable) or '不合理' (unreasonable).
    *   Constraint: Do not include any other contentllama_memory_breakdown_print: | memory breakdown [MiB] | total   free    self   model   context   compute    unaccounted |
llama_memory_breakdown_print: |   - Host               |                 4369 =   492 +    3091 +     786                |
llama_memory_breakdown_print: |   - CPU_REPACK         |                  181 =   181 +       0 +       0                |


[ Prompt: 339.4 t/s | Generation: 56.7 t/s ]",,False,False
0072,2026-03-25T20:01:46,"请判断以下任命证书文本是否符合中文表达逻辑，只回答'合理'或'不合理'，不要有其他内容。
证书文本：经总经理办公会决议，任命孙十为运营总监，而运营部已解散。",78,77,models\Qwen3.5-0.8B.Q4_K_M.gguf,build\bin\Release\local_llm.exe,64,ok,2.374615430831909,0.008727738663956926,3.9892470836639404,564,185,0,build\bin\Release\local_llm.exe --simple-io -st --no-warmup -n 64 -m models\Qwen3.5-0.8B.Q4_K_M.gguf -f C:\Users\AJohn\AppData\Local\Temp\tmp00av2bcm.txt,"证书文本：经总经理办公会决议，任命孙十为运营总监，而运营部已解散。

[Start thinking]

1. 首先，我需要解析文本中的关键信息。
2. 识别主要事件：任命孙十为运营总监。
3. 识别关键事实：运营部已解散。
4. 分析逻辑关系：
   - 如果运营部解散，那么“运营总监”这个职位llama_memory_breakdown_print: | memory breakdown [MiB] | total   free    self   model   context   compute    unaccounted |
llama_memory_breakdown_print: |   - Host               |                 4369 =   492 +    3091 +     786                |
llama_memory_breakdown_print: |   - CPU_REPACK         |                  181 =   181 +       0 +       0                |


[ Prompt: 289.5 t/s | Generation: 48.7 t/s ]",,False,False
0073,2026-03-25T20:01:50,"请判断以下任命证书文本是否符合中文表达逻辑，只回答'合理'或'不合理'，不要有其他内容。
证书文本：经项目部提名，聘任费七十一为项目经理。",69,68,models\Qwen3.5-0.8B.Q4_K_M.gguf,build\bin\Release\local_llm.exe,64,ok,2.3639912605285645,0.009470432683041222,4.1633734703063965,567,190,0,build\bin\Release\local_llm.exe --simple-io -st --no-warmup -n 64 -m models\Qwen3.5-0.8B.Q4_K_M.gguf -f C:\Users\AJohn\AppData\Local\Temp\tmpn1q0oebj.txt,"证书文本：经项目部提名，聘任费七十一为项目经理。

[Start thinking]

让我分析这个任命证书文本：

1. 前半部分：""经项目部提名"" - 说明是经过项目部提名的人（或职位）获得聘任，这是合理的。

2. 中间部分：""聘任费七十一"" - 这里出现了""聘任费""，但紧接着后面没有说明这个""七llama_memory_breakdown_print: | memory breakdown [MiB] | total   free    self   model   context   compute    unaccounted |
llama_memory_breakdown_print: |   - Host               |                 4369 =   492 +    3091 +     786                |
llama_memory_breakdown_print: |   - CPU_REPACK         |                  181 =   181 +       0 +       0                |


[ Prompt: 321.4 t/s | Generation: 43.1 t/s ]",,True,True
0074,2026-03-25T20:01:54,"请判断以下任命证书文本是否符合中文表达逻辑，只回答'合理'或'不合理'，不要有其他内容。
证书文本：任命黄十五为西南大区经理，负责区域市场开拓。",72,71,models\Qwen3.5-0.8B.Q4_K_M.gguf,build\bin\Release\local_llm.exe,64,ok,2.4953742027282715,0.007696679922250601,3.9962267875671387,574,195,0,build\bin\Release\local_llm.exe --simple-io -st --no-warmup -n 64 -m models\Qwen3.5-0.8B.Q4_K_M.gguf -f C:\Users\AJohn\AppData\Local\Temp\tmpkeasstse.txt,"证书文本：任命黄十五为西南大区经理，负责区域市场开拓。

[Start thinking]

我需要分析任命证书文本是否符合中文表达逻辑。

文本内容：""任命黄十五为西南大区经理，负责区域市场开拓。""

步骤：
1. 识别任命对象：黄十五
2. 识别职位名称：西南大区经理
3. 识别工作职责：区域市场开拓

逻辑分析llama_memory_breakdown_print: | memory breakdown [MiB] | total   free    self   model   context   compute    unaccounted |
llama_memory_breakdown_print: |   - Host               |                 4369 =   492 +    3091 +     786                |
llama_memory_breakdown_print: |   - CPU_REPACK         |                  181 =   181 +       0 +       0                |


[ Prompt: 372.6 t/s | Generation: 52.6 t/s ]",,True,False
0075,2026-03-25T20:01:58,"请判断以下任命证书文本是否符合中文表达逻辑，只回答'合理'或'不合理'，不要有其他内容。
证书文本：经公司董事会审议，任命刘十三为研发中心总经理，全面负责研发工作。",82,81,models\Qwen3.5-0.8B.Q4_K_M.gguf,build\bin\Release\local_llm.exe,64,ok,2.3576061725616455,0.0072477757930755615,3.8651435375213623,584,208,0,build\bin\Release\local_llm.exe --simple-io -st --no-warmup -n 64 -m models\Qwen3.5-0.8B.Q4_K_M.gguf -f C:\Users\AJohn\AppData\Local\Temp\tmpt5olj0vi.txt,"证书文本：经公司董事会审议，任命刘十三为研发中心总经理，全面负责研发工作。

[Start thinking]

让我分析这个任命证书文本的中文表达逻辑：

1. 事件描述：经公司董事会审议（这是一个合理的组织决策流程）
2. 主体：任命刘十三（这是一个合理的任命对象）
3. 职务：研发中心总经理（这是合理的职务名称）
4. 职责：全面llama_memory_breakdown_print: | memory breakdown [MiB] | total   free    self   model   context   compute    unaccounted |
llama_memory_breakdown_print: |   - Host               |                 4369 =   492 +    3091 +     786                |
llama_memory_breakdown_print: |   - CPU_REPACK         |                  181 =   181 +       0 +       0                |


[ Prompt: 336.1 t/s | Generation: 52.0 t/s ]",,True,True
0076,2026-03-25T20:02:02,"请判断以下任命证书文本是否符合中文表达逻辑，只回答'合理'或'不合理'，不要有其他内容。
证书文本：经技术转移中心决议，聘任贾九十一为技术转移经理。",74,73,models\Qwen3.5-0.8B.Q4_K_M.gguf,build\bin\Release\local_llm.exe,64,ok,2.487792730331421,0.008470774907146008,4.156535387039185,572,197,0,build\bin\Release\local_llm.exe --simple-io -st --no-warmup -n 64 -m models\Qwen3.5-0.8B.Q4_K_M.gguf -f C:\Users\AJohn\AppData\Local\Temp\tmp7ertwd_o.txt,"证书文本：经技术转移中心决议，聘任贾九十一为技术转移经理。

[Start thinking]

我需要分析这个任命证书文本是否符合中文表达逻辑。

首先，让我分析文本内容：""经技术转移中心决议，聘任贾九十一为技术转移经理。""

中文表达逻辑分析：
1. ""经"" - 表示经过、依据，表示过程或依据，在公文/任命中llama_memory_breakdown_print: | memory breakdown [MiB] | total   free    self   model   context   compute    unaccounted |
llama_memory_breakdown_print: |   - Host               |                 4369 =   492 +    3091 +     786                |
llama_memory_breakdown_print: |   - CPU_REPACK         |                  181 =   181 +       0 +       0                |


[ Prompt: 312.7 t/s | Generation: 46.1 t/s ]",,True,False
0077,2026-03-25T20:02:06,"请判断以下任命证书文本是否符合中文表达逻辑，只回答'合理'或'不合理'，不要有其他内容。
证书文本：经总裁办公会决议，任命冯二十三为海外事业部总经理。",75,74,models\Qwen3.5-0.8B.Q4_K_M.gguf,build\bin\Release\local_llm.exe,64,ok,2.415482997894287,0.0073384443918863935,3.868494987487793,576,198,0,build\bin\Release\local_llm.exe --simple-io -st --no-warmup -n 64 -m models\Qwen3.5-0.8B.Q4_K_M.gguf -f C:\Users\AJohn\AppData\Local\Temp\tmpl39pmk_9.txt,"证书文本：经总裁办公会决议，任命冯二十三为海外事业部总经理。

[Start thinking]

我需要分析这个任命证书文本是否符合中文表达逻辑。

文本内容：""经总裁办公会决议，任命冯二十三为海外事业部总经理。""

分析步骤：
1. 检查动词和主语的逻辑关系：
   - ""经...""作为介词短语，表示""通过""或""经由llama_memory_breakdown_print: | memory breakdown [MiB] | total   free    self   model   context   compute    unaccounted |
llama_memory_breakdown_print: |   - Host               |                 4369 =   492 +    3091 +     786                |
llama_memory_breakdown_print: |   - CPU_REPACK         |                  181 =   181 +       0 +       0                |


[ Prompt: 340.8 t/s | Generation: 54.4 t/s ]",,True,False
0078,2026-03-25T20:02:10,"请判断以下任命证书文本是否符合中文表达逻辑，只回答'合理'或'不合理'，不要有其他内容。
证书文本：任命赵六为项目负责人，负责新产品研发项目，但赵六没有相关经验。",81,80,models\Qwen3.5-0.8B.Q4_K_M.gguf,build\bin\Release\local_llm.exe,64,ok,2.5330657958984375,0.006964474189572218,3.960783004760742,580,205,0,build\bin\Release\local_llm.exe --simple-io -st --no-warmup -n 64 -m models\Qwen3.5-0.8B.Q4_K_M.gguf -f C:\Users\AJohn\AppData\Local\Temp\tmpziz520ah.txt,"证书文本：任命赵六为项目负责人，负责新产品研发项目，但赵六没有相关经验。

[Start thinking]

需要判断“任命赵六为项目负责人，负责新产品研发项目，但赵六没有相关经验。”这句话是否符合中文表达逻辑。

分析步骤：
1. 分析任命内容：赵六被任命为项目负责人
2. 分析任命目的/背景：负责新产品研发项目
3. 分析llama_memory_breakdown_print: | memory breakdown [MiB] | total   free    self   model   context   compute    unaccounted |
llama_memory_breakdown_print: |   - Host               |                 4369 =   492 +    3091 +     786                |
llama_memory_breakdown_print: |   - CPU_REPACK         |                  181 =   181 +       0 +       0                |


[ Prompt: 289.6 t/s | Generation: 55.1 t/s ]",,False,False
0079,2026-03-25T20:02:14,"请判断以下任命证书文本是否符合中文表达逻辑，只回答'合理'或'不合理'，不要有其他内容。
证书文本：经财务部推荐，聘任马六十三为财务分析经理，但马六十三未通过CPA考试。",85,82,models\Qwen3.5-0.8B.Q4_K_M.gguf,build\bin\Release\local_llm.exe,64,ok,2.232139825820923,0.007486936522693169,3.7669618129730225,583,205,0,build\bin\Release\local_llm.exe --simple-io -st --no-warmup -n 64 -m models\Qwen3.5-0.8B.Q4_K_M.gguf -f C:\Users\AJohn\AppData\Local\Temp\tmpbwbxh72d.txt,"证书文本：经财务部推荐，聘任马六十三为财务分析经理，但马六十三未通过CPA考试。

[Start thinking]

让我分析这个任命证书文本的逻辑问题：

1. 第一句：""经财务部推荐，聘任马六十三为财务分析经理""
- 这是一个事实陈述，表示马六十三被财务部门推荐并聘任为财务分析经理
- 这是任命过程中的一个中间状态或事实

2.llama_memory_breakdown_print: | memory breakdown [MiB] | total   free    self   model   context   compute    unaccounted |
llama_memory_breakdown_print: |   - Host               |                 4369 =   492 +    3091 +     786                |
llama_memory_breakdown_print: |   - CPU_REPACK         |                  181 =   181 +       0 +       0                |


[ Prompt: 337.9 t/s | Generation: 52.1 t/s ]",,False,False
0080,2026-03-25T20:02:17,"请判断以下任命证书文本是否符合中文表达逻辑，只回答'合理'或'不合理'，不要有其他内容。
证书文本：兹任命廉七十二为后端开发经理。",65,64,models\Qwen3.5-0.8B.Q4_K_M.gguf,build\bin\Release\local_llm.exe,64,ok,2.2060043811798096,0.007740183671315511,3.5992374420166016,566,180,0,build\bin\Release\local_llm.exe --simple-io -st --no-warmup -n 64 -m models\Qwen3.5-0.8B.Q4_K_M.gguf -f C:\Users\AJohn\AppData\Local\Temp\tmplh2mt5sa.txt,"证书文本：兹任命廉七十二为后端开发经理。

[Start thinking]

让我来分析这个任命证书文本是否符合中文表达逻辑：

1. 文本内容：""兹任命廉七十二为后端开发经理。""

2. 结构分析：
- ""兹"" - 表示"" hereby""（在此表示），是中文中任命/批准的标准用语
- ""任命"" -llama_memory_breakdown_print: | memory breakdown [MiB] | total   free    self   model   context   compute    unaccounted |
llama_memory_breakdown_print: |   - Host               |                 4369 =   492 +    3091 +     786                |
llama_memory_breakdown_print: |   - CPU_REPACK         |                  181 =   181 +       0 +       0                |


[ Prompt: 302.7 t/s | Generation: 56.6 t/s ]",,True,False
0081,2026-03-25T20:02:21,"请判断以下任命证书文本是否符合中文表达逻辑，只回答'合理'或'不合理'，不要有其他内容。
证书文本：聘任欧九十七为售后经理。",62,61,models\Qwen3.5-0.8B.Q4_K_M.gguf,build\bin\Release\local_llm.exe,64,ok,2.3130247592926025,0.00745532752344848,3.7220816612243652,566,189,0,build\bin\Release\local_llm.exe --simple-io -st --no-warmup -n 64 -m models\Qwen3.5-0.8B.Q4_K_M.gguf -f C:\Users\AJohn\AppData\Local\Temp\tmptsg_i1p0.txt,"证书文本：聘任欧九十七为售后经理。

[Start thinking]

让我分析这个任命证书文本：“聘任欧九十七为售后经理。”

首先，我需要理解每个关键部分的中文表达逻辑：

1. **“聘任”** - 这个动词表示任命、聘任或授予某人的职位，是中文表达任命的一种标准、规范的词汇。

2. **“llama_memory_breakdown_print: | memory breakdown [MiB] | total   free    self   model   context   compute    unaccounted |
llama_memory_breakdown_print: |   - Host               |                 4369 =   492 +    3091 +     786                |
llama_memory_breakdown_print: |   - CPU_REPACK         |                  181 =   181 +       0 +       0                |


[ Prompt: 312.3 t/s | Generation: 56.0 t/s ]",,True,False
0082,2026-03-25T20:02:25,"请判断以下任命证书文本是否符合中文表达逻辑，只回答'合理'或'不合理'，不要有其他内容。
证书文本：聘任罗十八为财务副总监，但财务副总监已由他人担任。",75,74,models\Qwen3.5-0.8B.Q4_K_M.gguf,build\bin\Release\local_llm.exe,64,ok,2.36373233795166,0.007776973198871224,3.88801908493042,571,196,0,build\bin\Release\local_llm.exe --simple-io -st --no-warmup -n 64 -m models\Qwen3.5-0.8B.Q4_K_M.gguf -f C:\Users\AJohn\AppData\Local\Temp\tmp34u2gwaj.txt,"证书文本：聘任罗十八为财务副总监，但财务副总监已由他人担任。

[Start thinking]

1. 首先需要分析“聘任”的含义。在公文中，“聘任”通常用于政府、事业单位或大型企业，指由上级或上级单位决定任命某人担任职务。
2. 其次分析“财务副总监”这个职位的常规设立情况。
   - 在企业或政府机构中，llama_memory_breakdown_print: | memory breakdown [MiB] | total   free    self   model   context   compute    unaccounted |
llama_memory_breakdown_print: |   - Host               |                 4369 =   492 +    3091 +     786                |
llama_memory_breakdown_print: |   - CPU_REPACK         |                  181 =   181 +       0 +       0                |


[ Prompt: 349.8 t/s | Generation: 52.2 t/s ]",,False,False
0083,2026-03-25T20:02:29,"请判断以下任命证书文本是否符合中文表达逻辑，只回答'合理'或'不合理'，不要有其他内容。
证书文本：经董事会提名，聘任朱二十九为公司副总裁。",70,69,models\Qwen3.5-0.8B.Q4_K_M.gguf,build\bin\Release\local_llm.exe,64,ok,2.3513894081115723,0.009413461017001207,3.8293027877807617,752,157,0,build\bin\Release\local_llm.exe --simple-io -st --no-warmup -n 64 -m models\Qwen3.5-0.8B.Q4_K_M.gguf -f C:\Users\AJohn\AppData\Local\Temp\tmpd7_geksr.txt,"证书文本：经董事会提名，聘任朱二十九为公司副总裁。

[Start thinking]

Let me analyze the text step by step to determine if it conveys logical information correctly:

1. The first part ""经董事会提名"" means ""after being nominated by the board of directors"" - this is a proper action and implies there was a nomination process, making the subsequent action logical.

2. ""llama_memory_breakdown_print: | memory breakdown [MiB] | total   free    self   model   context   compute    unaccounted |
llama_memory_breakdown_print: |   - Host               |                 4369 =   492 +    3091 +     786                |
llama_memory_breakdown_print: |   - CPU_REPACK         |                  181 =   181 +       0 +       0                |


[ Prompt: 309.9 t/s | Generation: 53.1 t/s ]",,True,True
0084,2026-03-25T20:02:32,"请判断以下任命证书文本是否符合中文表达逻辑，只回答'合理'或'不合理'，不要有其他内容。
证书文本：兹任命喻四十八为东北区域总经理，但东北区域已合并至华北。",78,77,models\Qwen3.5-0.8B.Q4_K_M.gguf,build\bin\Release\local_llm.exe,64,ok,2.2340755462646484,0.009076580327218739,3.9677023887634277,572,191,0,build\bin\Release\local_llm.exe --simple-io -st --no-warmup -n 64 -m models\Qwen3.5-0.8B.Q4_K_M.gguf -f C:\Users\AJohn\AppData\Local\Temp\tmpp6r4q4hq.txt,"证书文本：兹任命喻四十八为东北区域总经理，但东北区域已合并至华北。

[Start thinking]

我需要判断这个任命证书文本是否符合中文表达逻辑。

1. 首先分析文本中的关键信息：
- 被任命人：喻四十八
- 职位名称：东北区域总经理
- 当前状态：东北区域已合并至华北

2. 分析逻辑关系：
- ""已llama_memory_breakdown_print: | memory breakdown [MiB] | total   free    self   model   context   compute    unaccounted |
llama_memory_breakdown_print: |   - Host               |                 4369 =   492 +    3091 +     786                |
llama_memory_breakdown_print: |   - CPU_REPACK         |                  181 =   181 +       0 +       0                |


[ Prompt: 315.7 t/s | Generation: 49.7 t/s ]",,False,False
0085,2026-03-25T20:02:36,"请判断以下任命证书文本是否符合中文表达逻辑，只回答'合理'或'不合理'，不要有其他内容。
证书文本：兹任命汤七十六为薪酬专员主管。",65,64,models\Qwen3.5-0.8B.Q4_K_M.gguf,build\bin\Release\local_llm.exe,64,ok,2.307685136795044,0.008309245109558105,3.819967746734619,557,182,0,build\bin\Release\local_llm.exe --simple-io -st --no-warmup -n 64 -m models\Qwen3.5-0.8B.Q4_K_M.gguf -f C:\Users\AJohn\AppData\Local\Temp\tmpuul7tgdt.txt,"证书文本：兹任命汤七十六为薪酬专员主管。

[Start thinking]

1. 首先，分析题目要求：请判断以下任命证书文本是否符合中文表达逻辑，只回答'合理'或'不合理'，不要有其他内容。
2. 分析文本内容：""兹任命汤七十六为薪酬专员主管。""
   - 关键词：""兹任命""（兹llama_memory_breakdown_print: | memory breakdown [MiB] | total   free    self   model   context   compute    unaccounted |
llama_memory_breakdown_print: |   - Host               |                 4369 =   492 +    3091 +     786                |
llama_memory_breakdown_print: |   - CPU_REPACK         |                  181 =   181 +       0 +       0                |


[ Prompt: 331.1 t/s | Generation: 55.9 t/s ]",,True,False
0086,2026-03-25T20:02:40,"请判断以下任命证书文本是否符合中文表达逻辑，只回答'合理'或'不合理'，不要有其他内容。
证书文本：兹聘任刘二为创新研究院院长，然而创新研究院已被撤销。",76,75,models\Qwen3.5-0.8B.Q4_K_M.gguf,build\bin\Release\local_llm.exe,64,ok,2.326774835586548,0.007159655366964008,3.7658655643463135,571,201,0,build\bin\Release\local_llm.exe --simple-io -st --no-warmup -n 64 -m models\Qwen3.5-0.8B.Q4_K_M.gguf -f C:\Users\AJohn\AppData\Local\Temp\tmprt30qidq.txt,"证书文本：兹聘任刘二为创新研究院院长，然而创新研究院已被撤销。

[Start thinking]

1. 首先分析文本内容：任命证书中提到了“聘任刘二为创新研究院院长”，随后紧接着“然而创新研究院已被撤销”。
2. 判断逻辑关系：在中文公文和行政文件中，当出现“被撤销”或“被吊销”时，通常会作为后续事实或背景llama_memory_breakdown_print: | memory breakdown [MiB] | total   free    self   model   context   compute    unaccounted |
llama_memory_breakdown_print: |   - Host               |                 4369 =   492 +    3091 +     786                |
llama_memory_breakdown_print: |   - CPU_REPACK         |                  181 =   181 +       0 +       0                |


[ Prompt: 327.6 t/s | Generation: 55.1 t/s ]",,False,False
0087,2026-03-25T20:02:44,"请判断以下任命证书文本是否符合中文表达逻辑，只回答'合理'或'不合理'，不要有其他内容。
证书文本：经民主评议，任命何三十三为工会主席。",68,67,models\Qwen3.5-0.8B.Q4_K_M.gguf,build\bin\Release\local_llm.exe,64,ok,2.4175782203674316,0.0084884079794089,4.04735255241394,569,192,0,build\bin\Release\local_llm.exe --simple-io -st --no-warmup -n 64 -m models\Qwen3.5-0.8B.Q4_K_M.gguf -f C:\Users\AJohn\AppData\Local\Temp\tmpuu1otisy.txt,"证书文本：经民主评议，任命何三十三为工会主席。

[Start thinking]

需要判断该任命证书文本是否符合中文表达逻辑。

1. 首先分析文本内容：""经民主评议，任命何三十三为工会主席。""

2. 分析各个部分：
- ""经民主评议"" - 这是一个标准的政治/行政任命表述，表示经过民主投票或评议做出llama_memory_breakdown_print: | memory breakdown [MiB] | total   free    self   model   context   compute    unaccounted |
llama_memory_breakdown_print: |   - Host               |                 4369 =   492 +    3091 +     786                |
llama_memory_breakdown_print: |   - CPU_REPACK         |                  181 =   181 +       0 +       0                |


[ Prompt: 316.7 t/s | Generation: 48.9 t/s ]",,True,False
0088,2026-03-25T20:02:48,"请判断以下任命证书文本是否符合中文表达逻辑，只回答'合理'或'不合理'，不要有其他内容。
证书文本：任命谢四十六为首席合规官，但谢四十六有违规记录。",74,73,models\Qwen3.5-0.8B.Q4_K_M.gguf,build\bin\Release\local_llm.exe,64,ok,2.5969676971435547,0.008903580008393124,4.315358638763428,570,193,0,build\bin\Release\local_llm.exe --simple-io -st --no-warmup -n 64 -m models\Qwen3.5-0.8B.Q4_K_M.gguf -f C:\Users\AJohn\AppData\Local\Temp\tmpgh85ks0s.txt,"证书文本：任命谢四十六为首席合规官，但谢四十六有违规记录。

[Start thinking]

我需要判断这个任命证书文本是否符合中文表达逻辑。

分析文本：
1. 第一部分是：任命谢四十六为首席合规官
- ""任命""表示正式授予职位
- ""谢四十六""是姓名
- ""首席合规官""是对职位的描述，符合中文官职称呼llama_memory_breakdown_print: | memory breakdown [MiB] | total   free    self   model   context   compute    unaccounted |
llama_memory_breakdown_print: |   - Host               |                 4369 =   492 +    3091 +     786                |
llama_memory_breakdown_print: |   - CPU_REPACK         |                  181 =   181 +       0 +       0                |


[ Prompt: 323.4 t/s | Generation: 48.0 t/s ]",,False,False
0089,2026-03-25T20:02:52,"请判断以下任命证书文本是否符合中文表达逻辑，只回答'合理'或'不合理'，不要有其他内容。
证书文本：任命杨二十八为产品总监，统筹产品规划。",69,68,models\Qwen3.5-0.8B.Q4_K_M.gguf,build\bin\Release\local_llm.exe,64,ok,2.402390718460083,0.010232401655075397,4.326082229614258,613,188,0,build\bin\Release\local_llm.exe --simple-io -st --no-warmup -n 64 -m models\Qwen3.5-0.8B.Q4_K_M.gguf -f C:\Users\AJohn\AppData\Local\Temp\tmpl1l189qz.txt,"证书文本：任命杨二十八为产品总监，统筹产品规划。

[Start thinking]

让我分析这个任命证书文本的逻辑合规性：

1. **职务名称本身是否存在歧义？**
   - ""产品总监""：通常指产品总监（Product Director），这是一个合理的职务名称
   - ""统筹产品规划""：通常指统筹产品规划/规划（Product Planning/Strategic Planningllama_memory_breakdown_print: | memory breakdown [MiB] | total   free    self   model   context   compute    unaccounted |
llama_memory_breakdown_print: |   - Host               |                 4369 =   492 +    3091 +     786                |
llama_memory_breakdown_print: |   - CPU_REPACK         |                  181 =   181 +       0 +       0                |


[ Prompt: 273.8 t/s | Generation: 40.2 t/s ]",,True,True
0090,2026-03-25T20:02:57,"请判断以下任命证书文本是否符合中文表达逻辑，只回答'合理'或'不合理'，不要有其他内容。
证书文本：任命水五十为品牌传播总监，但品牌传播职能已外包。",74,73,models\Qwen3.5-0.8B.Q4_K_M.gguf,build\bin\Release\local_llm.exe,64,ok,2.3348379135131836,0.00892493724822998,4.03057599067688,567,190,0,build\bin\Release\local_llm.exe --simple-io -st --no-warmup -n 64 -m models\Qwen3.5-0.8B.Q4_K_M.gguf -f C:\Users\AJohn\AppData\Local\Temp\tmpqdwf7o90.txt,"证书文本：任命水五十为品牌传播总监，但品牌传播职能已外包。

[Start thinking]

让我分析这个任命证书文本的逻辑和表达问题：

1. 文本内容：任命水五十为品牌传播总监，但品牌传播职能已外包。

2. 逻辑分析：
- ""任命水五十为品牌传播总监"" - 这是任命行为，水五十被任命为品牌传播llama_memory_breakdown_print: | memory breakdown [MiB] | total   free    self   model   context   compute    unaccounted |
llama_memory_breakdown_print: |   - Host               |                 4369 =   492 +    3091 +     786                |
llama_memory_breakdown_print: |   - CPU_REPACK         |                  181 =   181 +       0 +       0                |


[ Prompt: 344.9 t/s | Generation: 45.6 t/s ]",,False,False
0091,2026-03-25T20:03:01,"请判断以下任命证书文本是否符合中文表达逻辑，只回答'合理'或'不合理'，不要有其他内容。
证书文本：经质量部推荐，聘任单九十五为质量体系主管。",71,70,models\Qwen3.5-0.8B.Q4_K_M.gguf,build\bin\Release\local_llm.exe,64,ok,2.367781400680542,0.008916942229182084,3.8034090995788574,739,161,0,build\bin\Release\local_llm.exe --simple-io -st --no-warmup -n 64 -m models\Qwen3.5-0.8B.Q4_K_M.gguf -f C:\Users\AJohn\AppData\Local\Temp\tmpn59q9_vs.txt,"证书文本：经质量部推荐，聘任单九十五为质量体系主管。

[Start thinking]

Thinking Process:

1.  **Analyze the Request:** The user wants me to judge whether a specific任命证书 text (appointment certificate) follows logical Chinese expression rules. The output should be strictly either '合理' (reasonable) or '不合理' (unreasonable), with no other content.

2. llama_memory_breakdown_print: | memory breakdown [MiB] | total   free    self   model   context   compute    unaccounted |
llama_memory_breakdown_print: |   - Host               |                 4369 =   492 +    3091 +     786                |
llama_memory_breakdown_print: |   - CPU_REPACK         |                  181 =   181 +       0 +       0                |


[ Prompt: 360.1 t/s | Generation: 55.8 t/s ]",,True,False
0092,2026-03-25T20:03:05,"请判断以下任命证书文本是否符合中文表达逻辑，只回答'合理'或'不合理'，不要有其他内容。
证书文本：聘任戚四十五为信息化部经理，但信息化部已关闭。",73,72,models\Qwen3.5-0.8B.Q4_K_M.gguf,build\bin\Release\local_llm.exe,64,ok,2.4191205501556396,0.007271738250020872,3.822566032409668,570,193,0,build\bin\Release\local_llm.exe --simple-io -st --no-warmup -n 64 -m models\Qwen3.5-0.8B.Q4_K_M.gguf -f C:\Users\AJohn\AppData\Local\Temp\tmpp8zaw6vm.txt,"证书文本：聘任戚四十五为信息化部经理，但信息化部已关闭。

[Start thinking]

我需要判断这个任命证书文本是否符合中文表达逻辑。

让我分析一下这个文本：
1. 任命对象：聘任戚四十五
2. 职位：信息化部经理
3. 结果：但（表示转折或否定）信息化部已关闭

中文逻辑上，如果一个人被任命为""llama_memory_breakdown_print: | memory breakdown [MiB] | total   free    self   model   context   compute    unaccounted |
llama_memory_breakdown_print: |   - Host               |                 4369 =   492 +    3091 +     786                |
llama_memory_breakdown_print: |   - CPU_REPACK         |                  181 =   181 +       0 +       0                |


[ Prompt: 321.0 t/s | Generation: 56.3 t/s ]",,False,False
0093,2026-03-25T20:03:08,"请判断以下任命证书文本是否符合中文表达逻辑，只回答'合理'或'不合理'，不要有其他内容。
证书文本：兹聘任李二为创新研究院院长，统筹前沿技术研究。",73,72,models\Qwen3.5-0.8B.Q4_K_M.gguf,build\bin\Release\local_llm.exe,64,ok,2.3299450874328613,0.009221724744112987,3.796199321746826,669,159,0,build\bin\Release\local_llm.exe --simple-io -st --no-warmup -n 64 -m models\Qwen3.5-0.8B.Q4_K_M.gguf -f C:\Users\AJohn\AppData\Local\Temp\tmp179mgjqs.txt,"证书文本：兹聘任李二为创新研究院院长，统筹前沿技术研究。

[Start thinking]

Let me analyze this text step by step:

1. First, I'll check the language: 中文 (Chinese) - ✓
2. Next, I'll check if there are logical issues: 合理 (reasonable) - ✓
3. Then I'll evaluate each element:
   - ""聘任""llama_memory_breakdown_print: | memory breakdown [MiB] | total   free    self   model   context   compute    unaccounted |
llama_memory_breakdown_print: |   - Host               |                 4369 =   492 +    3091 +     786                |
llama_memory_breakdown_print: |   - CPU_REPACK         |                  181 =   181 +       0 +       0                |


[ Prompt: 342.1 t/s | Generation: 56.0 t/s ]",,True,True
0094,2026-03-25T20:03:12,"请判断以下任命证书文本是否符合中文表达逻辑，只回答'合理'或'不合理'，不要有其他内容。
证书文本：任命荀九十为知识产权经理。",63,62,models\Qwen3.5-0.8B.Q4_K_M.gguf,build\bin\Release\local_llm.exe,64,ok,2.3552589416503906,0.00760669975864644,3.8461720943450928,573,196,0,build\bin\Release\local_llm.exe --simple-io -st --no-warmup -n 64 -m models\Qwen3.5-0.8B.Q4_K_M.gguf -f C:\Users\AJohn\AppData\Local\Temp\tmpt_v5hex5.txt,"证书文本：任命荀九十为知识产权经理。

[Start thinking]

我需要判断""任命荀九十为知识产权经理""是否符合中文表达逻辑。

让我分析这个任命文本的合理性：

1. **姓名格式**：""荀九十"" - 这是一个完整的中文姓名，格式正确（姓+名+数字），符合中文习惯。

2. **职位名称**：""知识产权llama_memory_breakdown_print: | memory breakdown [MiB] | total   free    self   model   context   compute    unaccounted |
llama_memory_breakdown_print: |   - Host               |                 4369 =   492 +    3091 +     786                |
llama_memory_breakdown_print: |   - CPU_REPACK         |                  181 =   181 +       0 +       0                |


[ Prompt: 297.6 t/s | Generation: 53.0 t/s ]",,True,True
0095,2026-03-25T20:03:16,"请判断以下任命证书文本是否符合中文表达逻辑，只回答'合理'或'不合理'，不要有其他内容。
证书文本：聘任童九十三为计量主管。",62,61,models\Qwen3.5-0.8B.Q4_K_M.gguf,build\bin\Release\local_llm.exe,64,ok,2.378023862838745,0.008572444072744465,3.929636240005493,557,181,0,build\bin\Release\local_llm.exe --simple-io -st --no-warmup -n 64 -m models\Qwen3.5-0.8B.Q4_K_M.gguf -f C:\Users\AJohn\AppData\Local\Temp\tmpgwi5aj7z.txt,"证书文本：聘任童九十三为计量主管。

[Start thinking]

我需要判断“聘任童九十三为计量主管”是否符合中文表达逻辑。

首先，让我分析这个任命证书文本：
- 内容：聘任童九十三为计量主管
- 格式：[姓名]为[职务]

这是一个标准的任命/任命证书格式，包含了：
1.llama_memory_breakdown_print: | memory breakdown [MiB] | total   free    self   model   context   compute    unaccounted |
llama_memory_breakdown_print: |   - Host               |                 4369 =   492 +    3091 +     786                |
llama_memory_breakdown_print: |   - CPU_REPACK         |                  181 =   181 +       0 +       0                |


[ Prompt: 287.7 t/s | Generation: 49.7 t/s ]",,True,False
0096,2026-03-25T20:03:20,"请判断以下任命证书文本是否符合中文表达逻辑，只回答'合理'或'不合理'，不要有其他内容。
证书文本：经民主评议，任命何三十三为工会主席，但何三十三不是工会会员。",80,79,models\Qwen3.5-0.8B.Q4_K_M.gguf,build\bin\Release\local_llm.exe,64,ok,2.296924114227295,0.008452516947037135,3.945164918899536,570,195,0,build\bin\Release\local_llm.exe --simple-io -st --no-warmup -n 64 -m models\Qwen3.5-0.8B.Q4_K_M.gguf -f C:\Users\AJohn\AppData\Local\Temp\tmpxdvhobf1.txt,"证书文本：经民主评议，任命何三十三为工会主席，但何三十三不是工会会员。

[Start thinking]

需要分析这个任命证书文本的逻辑是否自洽。

1. 文本内容：""经民主评议，任命何三十三为工会主席，但何三十三不是工会会员。""

2. 逻辑分析：
- 首先，任命决定依据是""民主评议""，说明这是经过民主llama_memory_breakdown_print: | memory breakdown [MiB] | total   free    self   model   context   compute    unaccounted |
llama_memory_breakdown_print: |   - Host               |                 4369 =   492 +    3091 +     786                |
llama_memory_breakdown_print: |   - CPU_REPACK         |                  181 =   181 +       0 +       0                |


[ Prompt: 332.2 t/s | Generation: 47.8 t/s ]",,False,False
0097,2026-03-25T20:03:24,"请判断以下任命证书文本是否符合中文表达逻辑，只回答'合理'或'不合理'，不要有其他内容。
证书文本：经竞聘考核，聘用华四十为培训部经理，但培训部已撤销。",76,75,models\Qwen3.5-0.8B.Q4_K_M.gguf,build\bin\Release\local_llm.exe,64,ok,2.201663017272949,0.007040899602612059,3.602802038192749,577,199,0,build\bin\Release\local_llm.exe --simple-io -st --no-warmup -n 64 -m models\Qwen3.5-0.8B.Q4_K_M.gguf -f C:\Users\AJohn\AppData\Local\Temp\tmp7vip29ds.txt,"证书文本：经竞聘考核，聘用华四十为培训部经理，但培训部已撤销。

[Start thinking]

让我分析一下这个任命证书文本的逻辑：

1. 文本开头提到""经竞聘考核""，说明这是竞聘后的结果，符合任命逻辑

2. ""聘用华四十为培训部经理"" - 华四十成功通过了竞聘，被聘任为培训部经理，这是合理的

3. ""但培训部llama_memory_breakdown_print: | memory breakdown [MiB] | total   free    self   model   context   compute    unaccounted |
llama_memory_breakdown_print: |   - Host               |                 4369 =   492 +    3091 +     786                |
llama_memory_breakdown_print: |   - CPU_REPACK         |                  181 =   181 +       0 +       0                |


[ Prompt: 317.6 t/s | Generation: 56.7 t/s ]",,False,True
0098,2026-03-25T20:03:28,"请判断以下任命证书文本是否符合中文表达逻辑，只回答'合理'或'不合理'，不要有其他内容。
证书文本：兹任命喻四十八为东北区域总经理。",66,65,models\Qwen3.5-0.8B.Q4_K_M.gguf,build\bin\Release\local_llm.exe,64,ok,2.3208446502685547,0.00832289390349656,3.8023197650909424,558,178,0,build\bin\Release\local_llm.exe --simple-io -st --no-warmup -n 64 -m models\Qwen3.5-0.8B.Q4_K_M.gguf -f C:\Users\AJohn\AppData\Local\Temp\tmpq5djpc4x.txt,"证书文本：兹任命喻四十八为东北区域总经理。

[Start thinking]

用户要求判断任命证书文本是否符合中文表达逻辑，只回答'合理'或'不合理'。

1. 首先分析文本内容：""兹任命喻四十八为东北区域总经理""

2. 逐字检查中文表达逻辑：
   - ""兹"" - 表示""兹""，llama_memory_breakdown_print: | memory breakdown [MiB] | total   free    self   model   context   compute    unaccounted |
llama_memory_breakdown_print: |   - Host               |                 4369 =   492 +    3091 +     786                |
llama_memory_breakdown_print: |   - CPU_REPACK         |                  181 =   181 +       0 +       0                |


[ Prompt: 315.4 t/s | Generation: 56.3 t/s ]",,True,False
0099,2026-03-25T20:03:31,"请判断以下任命证书文本是否符合中文表达逻辑，只回答'合理'或'不合理'，不要有其他内容。
证书文本：任命赵六为项目负责人，负责新产品研发项目。",71,70,models\Qwen3.5-0.8B.Q4_K_M.gguf,build\bin\Release\local_llm.exe,64,ok,2.2929508686065674,0.008294035879413733,3.769289255142212,566,178,0,build\bin\Release\local_llm.exe --simple-io -st --no-warmup -n 64 -m models\Qwen3.5-0.8B.Q4_K_M.gguf -f C:\Users\AJohn\AppData\Local\Temp\tmpb_t7x6ww.txt,"证书文本：任命赵六为项目负责人，负责新产品研发项目。

[Start thinking]

让我分析这个任命证书文本的逻辑：

1. 文本内容：任命赵六为项目负责人，负责新产品研发项目。

2. 逻辑检查：
   - 任命主体：赵六（赵六作为被任命者）
   - 职位：项目负责人
   - 责任范围：llama_memory_breakdown_print: | memory breakdown [MiB] | total   free    self   model   context   compute    unaccounted |
llama_memory_breakdown_print: |   - Host               |                 4369 =   492 +    3091 +     786                |
llama_memory_breakdown_print: |   - CPU_REPACK         |                  181 =   181 +       0 +       0                |


[ Prompt: 325.7 t/s | Generation: 54.0 t/s ]",,True,False
0100,2026-03-25T20:03:35,"请判断以下任命证书文本是否符合中文表达逻辑，只回答'合理'或'不合理'，不要有其他内容。
证书文本：任命梁十九为华北区域经理，自即日起执行。",70,69,models\Qwen3.5-0.8B.Q4_K_M.gguf,build\bin\Release\local_llm.exe,64,ok,2.2473461627960205,0.008452502529272873,3.751891613006592,557,178,0,build\bin\Release\local_llm.exe --simple-io -st --no-warmup -n 64 -m models\Qwen3.5-0.8B.Q4_K_M.gguf -f C:\Users\AJohn\AppData\Local\Temp\tmpb2g6tg24.txt,"证书文本：任命梁十九为华北区域经理，自即日起执行。

[Start thinking]

让我分析这个任命证书文本的逻辑性：

1. 文本内容：""任命梁十九为华北区域经理，自即日起执行""

2. 关键要素分析：
- 主体：任命梁十九（这是任命者）
- 对象：梁十九
- 职位：华北区域llama_memory_breakdown_print: | memory breakdown [MiB] | total   free    self   model   context   compute    unaccounted |
llama_memory_breakdown_print: |   - Host               |                 4369 =   492 +    3091 +     786                |
llama_memory_breakdown_print: |   - CPU_REPACK         |                  181 =   181 +       0 +       0                |


[ Prompt: 325.3 t/s | Generation: 51.7 t/s ]",,True,False
0101,2026-03-25T20:03:39,"请判断以下任命证书文本是否符合中文表达逻辑，只回答'合理'或'不合理'，不要有其他内容。
证书文本：兹任命葛五十六为审计副总监。",64,63,models\Qwen3.5-0.8B.Q4_K_M.gguf,build\bin\Release\local_llm.exe,64,ok,2.1673545837402344,0.008087266323178313,3.5583643913269043,547,172,0,build\bin\Release\local_llm.exe --simple-io -st --no-warmup -n 64 -m models\Qwen3.5-0.8B.Q4_K_M.gguf -f C:\Users\AJohn\AppData\Local\Temp\tmpqnnyt72r.txt,"证书文本：兹任命葛五十六为审计副总监。

[Start thinking]

让我分析这个任命证书文本：

1. 文本内容：""兹任命葛五十六为审计副总监。""

2. 检查逻辑合理性：
- ""兹""表示""兹时，兹行，兹为""，这是正式任命文书的标准用语，表示""兹时，兹行llama_memory_breakdown_print: | memory breakdown [MiB] | total   free    self   model   context   compute    unaccounted |
llama_memory_breakdown_print: |   - Host               |                 4369 =   492 +    3091 +     786                |
llama_memory_breakdown_print: |   - CPU_REPACK         |                  181 =   181 +       0 +       0                |


[ Prompt: 326.5 t/s | Generation: 56.7 t/s ]",,True,True
0102,2026-03-25T20:03:42,"请判断以下任命证书文本是否符合中文表达逻辑，只回答'合理'或'不合理'，不要有其他内容。
证书文本：兹任命姜四十四为行政总监，同时降级为行政助理。",73,72,models\Qwen3.5-0.8B.Q4_K_M.gguf,build\bin\Release\local_llm.exe,64,ok,2.305875062942505,0.007373215601994441,3.743652105331421,573,195,0,build\bin\Release\local_llm.exe --simple-io -st --no-warmup -n 64 -m models\Qwen3.5-0.8B.Q4_K_M.gguf -f C:\Users\AJohn\AppData\Local\Temp\tmpb6p1jkr8.txt,"证书文本：兹任命姜四十四为行政总监，同时降级为行政助理。

[Start thinking]

让我分析这个任命证书文本：

1. **内容分析**：文本提到任命姜四十四为行政总监，同时降级为行政助理。

2. **逻辑检查**：
   - 任命升迁或晋升：通常使用""任命...""、""升...""、""晋升...""等词汇llama_memory_breakdown_print: | memory breakdown [MiB] | total   free    self   model   context   compute    unaccounted |
llama_memory_breakdown_print: |   - Host               |                 4369 =   492 +    3091 +     786                |
llama_memory_breakdown_print: |   - CPU_REPACK         |                  181 =   181 +       0 +       0                |


[ Prompt: 325.8 t/s | Generation: 56.4 t/s ]",,False,False
0103,2026-03-25T20:03:46,"请判断以下任命证书文本是否符合中文表达逻辑，只回答'合理'或'不合理'，不要有其他内容。
证书文本：经绩效考评，晋升沈二十六为高级技术专家。",70,69,models\Qwen3.5-0.8B.Q4_K_M.gguf,build\bin\Release\local_llm.exe,64,ok,2.2427291870117188,0.007588135298862252,3.6541223526000977,563,186,0,build\bin\Release\local_llm.exe --simple-io -st --no-warmup -n 64 -m models\Qwen3.5-0.8B.Q4_K_M.gguf -f C:\Users\AJohn\AppData\Local\Temp\tmpjbd559_u.txt,"证书文本：经绩效考评，晋升沈二十六为高级技术专家。

[Start thinking]

我需要判断这个任命证书文本是否符合中文表达逻辑。

首先，分析文本内容：""经绩效考评，晋升沈二十六为高级技术专家。""

关键信息点：
1. 时间/背景：经（通过）
2. 事件：绩效考评
3. 主体：沈二十六llama_memory_breakdown_print: | memory breakdown [MiB] | total   free    self   model   context   compute    unaccounted |
llama_memory_breakdown_print: |   - Host               |                 4369 =   492 +    3091 +     786                |
llama_memory_breakdown_print: |   - CPU_REPACK         |                  181 =   181 +       0 +       0                |


[ Prompt: 313.6 t/s | Generation: 55.9 t/s ]",,True,False
0104,2026-03-25T20:03:50,"请判断以下任命证书文本是否符合中文表达逻辑，只回答'合理'或'不合理'，不要有其他内容。
证书文本：兹任命章五十二为法务副总监，但法务部只有一个人。",74,73,models\Qwen3.5-0.8B.Q4_K_M.gguf,build\bin\Release\local_llm.exe,64,ok,2.335407257080078,0.008133695366677273,3.783205032348633,583,178,0,build\bin\Release\local_llm.exe --simple-io -st --no-warmup -n 64 -m models\Qwen3.5-0.8B.Q4_K_M.gguf -f C:\Users\AJohn\AppData\Local\Temp\tmp8080_vd5.txt,"证书文本：兹任命章五十二为法务副总监，但法务部只有一个人。

[Start thinking]

1.  **分析文本内容**：
    *   第一句：“兹任命章五十二为法务副总监”。
        *   逻辑：任命某人担任某个职位。这是合理的，符合公文写作规范。
    *   第二句：“但法务部只有一个人。”
       llama_memory_breakdown_print: | memory breakdown [MiB] | total   free    self   model   context   compute    unaccounted |
llama_memory_breakdown_print: |   - Host               |                 4369 =   492 +    3091 +     786                |
llama_memory_breakdown_print: |   - CPU_REPACK         |                  181 =   181 +       0 +       0                |


[ Prompt: 285.7 t/s | Generation: 54.2 t/s ]",,False,True
0105,2026-03-25T20:03:54,"请判断以下任命证书文本是否符合中文表达逻辑，只回答'合理'或'不合理'，不要有其他内容。
证书文本：经研究决定，聘任邓二十为审计部经理，然而审计部经理职位已空缺两年。",83,82,models\Qwen3.5-0.8B.Q4_K_M.gguf,build\bin\Release\local_llm.exe,64,ok,2.2122981548309326,0.007350664872389574,3.741236448287964,585,208,0,build\bin\Release\local_llm.exe --simple-io -st --no-warmup -n 64 -m models\Qwen3.5-0.8B.Q4_K_M.gguf -f C:\Users\AJohn\AppData\Local\Temp\tmpw18zuwoe.txt,"证书文本：经研究决定，聘任邓二十为审计部经理，然而审计部经理职位已空缺两年。

[Start thinking]

我需要判断这段任命证书文本是否符合中文表达逻辑。

首先，我需要理解这段文本在说什么：
1. 关于聘任：经研究决定，聘任邓二十为审计部经理
2. 关于空缺：审计部经理职位已空缺两年

我的分析过程：
1. 检查逻辑关系：聘任llama_memory_breakdown_print: | memory breakdown [MiB] | total   free    self   model   context   compute    unaccounted |
llama_memory_breakdown_print: |   - Host               |                 4369 =   492 +    3091 +     786                |
llama_memory_breakdown_print: |   - CPU_REPACK         |                  181 =   181 +       0 +       0                |


[ Prompt: 343.3 t/s | Generation: 53.7 t/s ]",,False,False
0106,2026-03-25T20:03:57,"请判断以下任命证书文本是否符合中文表达逻辑，只回答'合理'或'不合理'，不要有其他内容。
证书文本：经财务部推荐，聘任马六十三为财务分析经理。",71,70,models\Qwen3.5-0.8B.Q4_K_M.gguf,build\bin\Release\local_llm.exe,64,ok,2.1828532218933105,0.007927372720506457,3.6097803115844727,568,180,0,build\bin\Release\local_llm.exe --simple-io -st --no-warmup -n 64 -m models\Qwen3.5-0.8B.Q4_K_M.gguf -f C:\Users\AJohn\AppData\Local\Temp\tmpaxsy9g9k.txt,"证书文本：经财务部推荐，聘任马六十三为财务分析经理。

[Start thinking]

1.  **分析文本内容**：该文本是关于任命一名人员（马六十三）担任职位（财务分析经理）的陈述。
2.  **拆解逻辑成分**：
    *   “经财务部推荐”：说明推荐关系，逻辑通顺。
    *   “聘任llama_memory_breakdown_print: | memory breakdown [MiB] | total   free    self   model   context   compute    unaccounted |
llama_memory_breakdown_print: |   - Host               |                 4369 =   492 +    3091 +     786                |
llama_memory_breakdown_print: |   - CPU_REPACK         |                  181 =   181 +       0 +       0                |


[ Prompt: 309.6 t/s | Generation: 55.3 t/s ]",,True,False
0107,2026-03-25T20:04:01,"请判断以下任命证书文本是否符合中文表达逻辑，只回答'合理'或'不合理'，不要有其他内容。
证书文本：经客户部决议，聘任谢九十九为客户总监，但客户部已解散。",77,76,models\Qwen3.5-0.8B.Q4_K_M.gguf,build\bin\Release\local_llm.exe,64,ok,2.297450542449951,0.008313353572572981,3.694093942642212,739,168,0,build\bin\Release\local_llm.exe --simple-io -st --no-warmup -n 64 -m models\Qwen3.5-0.8B.Q4_K_M.gguf -f C:\Users\AJohn\AppData\Local\Temp\tmpicoi63lr.txt,"证书文本：经客户部决议，聘任谢九十九为客户总监，但客户部已解散。

[Start thinking]

Thinking Process:

1.  **Analyze the Request:** The user wants me to judge whether a specific任命证书 (appointment certificate) text follows Chinese logical/expressions. The output should be strictly '合理' (reasonable) or '不合理' (unreasonable/not logical). No other content.

2.llama_memory_breakdown_print: | memory breakdown [MiB] | total   free    self   model   context   compute    unaccounted |
llama_memory_breakdown_print: |   - Host               |                 4369 =   492 +    3091 +     786                |
llama_memory_breakdown_print: |   - CPU_REPACK         |                  181 =   181 +       0 +       0                |


[ Prompt: 348.9 t/s | Generation: 56.8 t/s ]",,False,False
0108,2026-03-25T20:04:05,"请判断以下任命证书文本是否符合中文表达逻辑，只回答'合理'或'不合理'，不要有其他内容。
证书文本：聘任尤三十一为研发部副经理，任期一年。",69,68,models\Qwen3.5-0.8B.Q4_K_M.gguf,build\bin\Release\local_llm.exe,64,ok,2.3039000034332275,0.008344966432322626,3.839373826980591,562,184,0,build\bin\Release\local_llm.exe --simple-io -st --no-warmup -n 64 -m models\Qwen3.5-0.8B.Q4_K_M.gguf -f C:\Users\AJohn\AppData\Local\Temp\tmpoaclrqxd.txt,"证书文本：聘任尤三十一为研发部副经理，任期一年。

[Start thinking]

我需要判断“聘任尤三十一为研发部副经理，任期一年”这一任命证书文本是否符合中文表达逻辑。

1. 首先分析文本中的关键信息：
- 任命对象：尤三十一
- 职务名称：研发部副经理
- 任期：一年

接下来评估llama_memory_breakdown_print: | memory breakdown [MiB] | total   free    self   model   context   compute    unaccounted |
llama_memory_breakdown_print: |   - Host               |                 4369 =   492 +    3091 +     786                |
llama_memory_breakdown_print: |   - CPU_REPACK         |                  181 =   181 +       0 +       0                |


[ Prompt: 323.4 t/s | Generation: 50.6 t/s ]",,True,False
0109,2026-03-25T20:04:09,"请判断以下任命证书文本是否符合中文表达逻辑，只回答'合理'或'不合理'，不要有其他内容。
证书文本：聘任奚五十七为投资总监，负责投资业务。",69,68,models\Qwen3.5-0.8B.Q4_K_M.gguf,build\bin\Release\local_llm.exe,64,ok,2.248853921890259,0.0078048961503165105,3.778613567352295,567,196,0,build\bin\Release\local_llm.exe --simple-io -st --no-warmup -n 64 -m models\Qwen3.5-0.8B.Q4_K_M.gguf -f C:\Users\AJohn\AppData\Local\Temp\tmpr0gnneu_.txt,"证书文本：聘任奚五十七为投资总监，负责投资业务。

[Start thinking]

用户要求我判断任命证书文本是否符合中文表达逻辑，只输出'合理'或'不合理'。

分析文本：聘任奚五十七为投资总监，负责投资业务。

首先，职务名称""投资总监""在中文语境下是规范的职业称谓，表示对投资业务的管理和决策权llama_memory_breakdown_print: | memory breakdown [MiB] | total   free    self   model   context   compute    unaccounted |
llama_memory_breakdown_print: |   - Host               |                 4369 =   492 +    3091 +     786                |
llama_memory_breakdown_print: |   - CPU_REPACK         |                  181 =   181 +       0 +       0                |


[ Prompt: 308.6 t/s | Generation: 53.7 t/s ]",,True,False
0110,2026-03-25T20:04:12,"请判断以下任命证书文本是否符合中文表达逻辑，只回答'合理'或'不合理'，不要有其他内容。
证书文本：经研究决定，聘任邓二十为审计部经理。",68,67,models\Qwen3.5-0.8B.Q4_K_M.gguf,build\bin\Release\local_llm.exe,64,ok,2.1550769805908203,0.007953079671807629,3.610490560531616,565,183,0,build\bin\Release\local_llm.exe --simple-io -st --no-warmup -n 64 -m models\Qwen3.5-0.8B.Q4_K_M.gguf -f C:\Users\AJohn\AppData\Local\Temp\tmp95axg2u5.txt,"证书文本：经研究决定，聘任邓二十为审计部经理。

[Start thinking]

让我分析这个任命证书文本的中文逻辑表达：

1. ""经研究决定"" - 表示经过决策过程，这是正常的公文用语

2. ""聘任"" - 任命/聘任是正式任命某人担任某职的表述，符合中文习惯

3. ""邓二十"" - 人名，llama_memory_breakdown_print: | memory breakdown [MiB] | total   free    self   model   context   compute    unaccounted |
llama_memory_breakdown_print: |   - Host               |                 4369 =   492 +    3091 +     786                |
llama_memory_breakdown_print: |   - CPU_REPACK         |                  181 =   181 +       0 +       0                |


[ Prompt: 326.6 t/s | Generation: 55.8 t/s ]",,True,False
0111,2026-03-25T20:04:16,"请判断以下任命证书文本是否符合中文表达逻辑，只回答'合理'或'不合理'，不要有其他内容。
证书文本：聘任童九十三为计量主管，但计量设备已报废。",71,70,models\Qwen3.5-0.8B.Q4_K_M.gguf,build\bin\Release\local_llm.exe,64,ok,2.288374185562134,0.00761751870851259,3.697615146636963,562,185,0,build\bin\Release\local_llm.exe --simple-io -st --no-warmup -n 64 -m models\Qwen3.5-0.8B.Q4_K_M.gguf -f C:\Users\AJohn\AppData\Local\Temp\tmpwdjv8l6m.txt,"证书文本：聘任童九十三为计量主管，但计量设备已报废。

[Start thinking]

分析过程：

1. 首先，我理解任务要求：判断一个任命证书文本是否符合中文表达逻辑，只输出""合理""或""不合理""。

2. 分析文本内容：
- ""聘任童九十三为计量主管"" - 这是任命行为，童九十三被任命llama_memory_breakdown_print: | memory breakdown [MiB] | total   free    self   model   context   compute    unaccounted |
llama_memory_breakdown_print: |   - Host               |                 4369 =   492 +    3091 +     786                |
llama_memory_breakdown_print: |   - CPU_REPACK         |                  181 =   181 +       0 +       0                |


[ Prompt: 330.1 t/s | Generation: 56.4 t/s ]",,False,False
0112,2026-03-25T20:04:20,"请判断以下任命证书文本是否符合中文表达逻辑，只回答'合理'或'不合理'，不要有其他内容。
证书文本：兹任命乐八十四为档案室主任。",64,63,models\Qwen3.5-0.8B.Q4_K_M.gguf,build\bin\Release\local_llm.exe,64,ok,2.2719814777374268,0.007826178603702121,3.6806936264038086,557,180,0,build\bin\Release\local_llm.exe --simple-io -st --no-warmup -n 64 -m models\Qwen3.5-0.8B.Q4_K_M.gguf -f C:\Users\AJohn\AppData\Local\Temp\tmp4pak_zhd.txt,"证书文本：兹任命乐八十四为档案室主任。

[Start thinking]

需要分析任命证书文本的逻辑和表达习惯，判断是否符合中文表达规范。

1. 分析文本内容：
""兹任命乐八十四为档案室主任""

2. 检查关键要素：
- 职务：档案室主任（合理，这是政府公文中的常见职务名称）
llama_memory_breakdown_print: | memory breakdown [MiB] | total   free    self   model   context   compute    unaccounted |
llama_memory_breakdown_print: |   - Host               |                 4369 =   492 +    3091 +     786                |
llama_memory_breakdown_print: |   - CPU_REPACK         |                  181 =   181 +       0 +       0                |


[ Prompt: 322.2 t/s | Generation: 56.2 t/s ]",,True,True
0113,2026-03-25T20:04:23,"请判断以下任命证书文本是否符合中文表达逻辑，只回答'合理'或'不合理'，不要有其他内容。
证书文本：根据公司发展需要，聘任王五为财务总监，任期三年。",74,73,models\Qwen3.5-0.8B.Q4_K_M.gguf,build\bin\Release\local_llm.exe,64,ok,2.361786365509033,0.007371309476021009,3.79919171333313,576,195,0,build\bin\Release\local_llm.exe --simple-io -st --no-warmup -n 64 -m models\Qwen3.5-0.8B.Q4_K_M.gguf -f C:\Users\AJohn\AppData\Local\Temp\tmpub0d1d1k.txt,"证书文本：根据公司发展需要，聘任王五为财务总监，任期三年。

[Start thinking]

我需要判断这个任命证书文本是否符合中文表达逻辑。

让我分析这个文本：
""根据公司发展需要，聘任王五为财务总监，任期三年。""

1. 检查逻辑关系：
- ""根据公司发展需要"" - 这是理由/前提条件，合理
- ""聘任"" - llama_memory_breakdown_print: | memory breakdown [MiB] | total   free    self   model   context   compute    unaccounted |
llama_memory_breakdown_print: |   - Host               |                 4369 =   492 +    3091 +     786                |
llama_memory_breakdown_print: |   - CPU_REPACK         |                  181 =   181 +       0 +       0                |


[ Prompt: 326.6 t/s | Generation: 55.9 t/s ]",,True,True
0114,2026-03-25T20:04:27,"请判断以下任命证书文本是否符合中文表达逻辑，只回答'合理'或'不合理'，不要有其他内容。
证书文本：兹任命游八十八为内控经理，但内控职能由财务部代管。",75,74,models\Qwen3.5-0.8B.Q4_K_M.gguf,build\bin\Release\local_llm.exe,64,ok,2.2091898918151855,0.007562031649579906,3.706472158432007,573,198,0,build\bin\Release\local_llm.exe --simple-io -st --no-warmup -n 64 -m models\Qwen3.5-0.8B.Q4_K_M.gguf -f C:\Users\AJohn\AppData\Local\Temp\tmp8oj0r5iy.txt,"证书文本：兹任命游八十八为内控经理，但内控职能由财务部代管。

[Start thinking]

我需要判断这个任命证书文本是否符合中文表达逻辑。

让我分析一下这个文本：
1. 主语句：""兹任命游八十八为内控经理"" - 这是标准的任命语，说明任命主体、被任命人、职位，符合公文规范。
2. 补充说明：""但内控职能llama_memory_breakdown_print: | memory breakdown [MiB] | total   free    self   model   context   compute    unaccounted |
llama_memory_breakdown_print: |   - Host               |                 4369 =   492 +    3091 +     786                |
llama_memory_breakdown_print: |   - CPU_REPACK         |                  181 =   181 +       0 +       0                |


[ Prompt: 332.0 t/s | Generation: 52.1 t/s ]",,False,False
0115,2026-03-25T20:04:31,"请判断以下任命证书文本是否符合中文表达逻辑，只回答'合理'或'不合理'，不要有其他内容。
证书文本：兹聘任金四十一为首席技术官，主导技术研发。",71,70,models\Qwen3.5-0.8B.Q4_K_M.gguf,build\bin\Release\local_llm.exe,64,ok,2.2342259883880615,0.007677739827420699,3.700674295425415,567,191,0,build\bin\Release\local_llm.exe --simple-io -st --no-warmup -n 64 -m models\Qwen3.5-0.8B.Q4_K_M.gguf -f C:\Users\AJohn\AppData\Local\Temp\tmpwdc7gydy.txt,"证书文本：兹聘任金四十一为首席技术官，主导技术研发。

[Start thinking]

用户要求判断任命证书文本是否符合中文表达逻辑，只回答'合理'或'不合理'。

首先，分析文本内容：
""兹聘任金四十一为首席技术官，主导技术研发。""

关键词分析：
1. ""聘任"" - 在中文正式文件中，任命通常用llama_memory_breakdown_print: | memory breakdown [MiB] | total   free    self   model   context   compute    unaccounted |
llama_memory_breakdown_print: |   - Host               |                 4369 =   492 +    3091 +     786                |
llama_memory_breakdown_print: |   - CPU_REPACK         |                  181 =   181 +       0 +       0                |


[ Prompt: 309.4 t/s | Generation: 54.3 t/s ]",,True,False
0116,2026-03-25T20:04:35,"请判断以下任命证书文本是否符合中文表达逻辑，只回答'合理'或'不合理'，不要有其他内容。
证书文本：任命水五十为品牌传播总监，负责品牌推广。",70,69,models\Qwen3.5-0.8B.Q4_K_M.gguf,build\bin\Release\local_llm.exe,64,ok,2.254446268081665,0.00751235763433621,3.7343807220458984,568,197,0,build\bin\Release\local_llm.exe --simple-io -st --no-warmup -n 64 -m models\Qwen3.5-0.8B.Q4_K_M.gguf -f C:\Users\AJohn\AppData\Local\Temp\tmpmhof4f3s.txt,"证书文本：任命水五十为品牌传播总监，负责品牌推广。

[Start thinking]

我需要分析这个任命证书文本是否符合中文表达逻辑。

文本内容：任命水五十为品牌传播总监，负责品牌推广。

首先，我检查姓名的使用。在中国，姓名通常姓，名是名字。这里""水""应该是姓氏，""五十""是名字。但""品牌""作为职位llama_memory_breakdown_print: | memory breakdown [MiB] | total   free    self   model   context   compute    unaccounted |
llama_memory_breakdown_print: |   - Host               |                 4369 =   492 +    3091 +     786                |
llama_memory_breakdown_print: |   - CPU_REPACK         |                  181 =   181 +       0 +       0                |


[ Prompt: 328.9 t/s | Generation: 56.4 t/s ]",,True,False
0117,2026-03-25T20:04:38,"请判断以下任命证书文本是否符合中文表达逻辑，只回答'合理'或'不合理'，不要有其他内容。
证书文本：经董事会表决，聘任窦五十一为公司秘书，但窦五十一不识字。",78,77,models\Qwen3.5-0.8B.Q4_K_M.gguf,build\bin\Release\local_llm.exe,64,ok,2.2687184810638428,0.007129618099757603,3.666123628616333,574,196,0,build\bin\Release\local_llm.exe --simple-io -st --no-warmup -n 64 -m models\Qwen3.5-0.8B.Q4_K_M.gguf -f C:\Users\AJohn\AppData\Local\Temp\tmp39ahgue8.txt,"证书文本：经董事会表决，聘任窦五十一为公司秘书，但窦五十一不识字。

[Start thinking]

需要判断这段任命证书文本是否符合中文表达逻辑。

分析内容：
1. 文本描述：经董事会表决，聘任窦五十一为公司秘书
2. 关键事实：窦五十一不识字

判断依据：
1. 任命通知的常规表达应该包括授予职位这一信息
llama_memory_breakdown_print: | memory breakdown [MiB] | total   free    self   model   context   compute    unaccounted |
llama_memory_breakdown_print: |   - Host               |                 4369 =   492 +    3091 +     786                |
llama_memory_breakdown_print: |   - CPU_REPACK         |                  181 =   181 +       0 +       0                |


[ Prompt: 311.3 t/s | Generation: 56.8 t/s ]",,False,False
0118,2026-03-25T20:04:42,"请判断以下任命证书文本是否符合中文表达逻辑，只回答'合理'或'不合理'，不要有其他内容。
证书文本：经安全委员会决议，聘任彭五十九为安全总监。",71,70,models\Qwen3.5-0.8B.Q4_K_M.gguf,build\bin\Release\local_llm.exe,64,ok,2.3118486404418945,0.006910776147747984,3.7078254222869873,572,202,0,build\bin\Release\local_llm.exe --simple-io -st --no-warmup -n 64 -m models\Qwen3.5-0.8B.Q4_K_M.gguf -f C:\Users\AJohn\AppData\Local\Temp\tmp_ecihozs.txt,"证书文本：经安全委员会决议，聘任彭五十九为安全总监。

[Start thinking]

我需要判断“经安全委员会决议，聘任彭五十九为安全总监”是否符合中文表达逻辑。

1. 首先分析“经安全委员会决议”：这个短语在中文中通常表示“经过安全委员会的经过/决议”或“经过安全委员会的通过”。虽然语法结构不完整（缺少llama_memory_breakdown_print: | memory breakdown [MiB] | total   free    self   model   context   compute    unaccounted |
llama_memory_breakdown_print: |   - Host               |                 4369 =   492 +    3091 +     786                |
llama_memory_breakdown_print: |   - CPU_REPACK         |                  181 =   181 +       0 +       0                |


[ Prompt: 328.6 t/s | Generation: 57.0 t/s ]",,True,False
0119,2026-03-25T20:04:46,"请判断以下任命证书文本是否符合中文表达逻辑，只回答'合理'或'不合理'，不要有其他内容。
证书文本：兹任命郝八十为行政主管，但行政部已合并到综合部。",74,73,models\Qwen3.5-0.8B.Q4_K_M.gguf,build\bin\Release\local_llm.exe,64,ok,2.222334146499634,0.007694144638217226,3.73038649559021,568,196,0,build\bin\Release\local_llm.exe --simple-io -st --no-warmup -n 64 -m models\Qwen3.5-0.8B.Q4_K_M.gguf -f C:\Users\AJohn\AppData\Local\Temp\tmpjfs5vlw1.txt,"证书文本：兹任命郝八十为行政主管，但行政部已合并到综合部。

[Start thinking]

1.  **分析文本内容**：文本提到“任命郝八十为行政主管”，即授予一个职务（行政主管）。
2.  **分析上下文逻辑**：紧接着的“但行政部已合并到综合部”是紧接着的陈述，说明该行政部不再独立存在或合并了llama_memory_breakdown_print: | memory breakdown [MiB] | total   free    self   model   context   compute    unaccounted |
llama_memory_breakdown_print: |   - Host               |                 4369 =   492 +    3091 +     786                |
llama_memory_breakdown_print: |   - CPU_REPACK         |                  181 =   181 +       0 +       0                |


[ Prompt: 326.3 t/s | Generation: 52.0 t/s ]",,False,False
0120,2026-03-25T20:04:49,"请判断以下任命证书文本是否符合中文表达逻辑，只回答'合理'或'不合理'，不要有其他内容。
证书文本：任命荀九十为知识产权经理，但公司已无知识产权。",73,72,models\Qwen3.5-0.8B.Q4_K_M.gguf,build\bin\Release\local_llm.exe,64,ok,2.2508251667022705,0.00697144066415182,3.6799705028533936,581,205,0,build\bin\Release\local_llm.exe --simple-io -st --no-warmup -n 64 -m models\Qwen3.5-0.8B.Q4_K_M.gguf -f C:\Users\AJohn\AppData\Local\Temp\tmp_ge5cmy2.txt,"证书文本：任命荀九十为知识产权经理，但公司已无知识产权。

[Start thinking]

我需要判断这个任命证书文本是否符合中文表达逻辑。

分析文本：""任命荀九十为知识产权经理，但公司已无知识产权。""

1. 逻辑关系分析：
- 前半句陈述了一个事实：任命荀九十为知识产权经理
- 后半句陈述了一个情况：公司现在没有知识产权llama_memory_breakdown_print: | memory breakdown [MiB] | total   free    self   model   context   compute    unaccounted |
llama_memory_breakdown_print: |   - Host               |                 4369 =   492 +    3091 +     786                |
llama_memory_breakdown_print: |   - CPU_REPACK         |                  181 =   181 +       0 +       0                |


[ Prompt: 326.9 t/s | Generation: 56.2 t/s ]",,False,False
0121,2026-03-25T20:04:53,"请判断以下任命证书文本是否符合中文表达逻辑，只回答'合理'或'不合理'，不要有其他内容。
证书文本：聘任易八十九为合规专员主管，但合规部已撤销。",72,71,models\Qwen3.5-0.8B.Q4_K_M.gguf,build\bin\Release\local_llm.exe,64,ok,2.2757086753845215,0.007372098182564351,3.757500410079956,575,201,0,build\bin\Release\local_llm.exe --simple-io -st --no-warmup -n 64 -m models\Qwen3.5-0.8B.Q4_K_M.gguf -f C:\Users\AJohn\AppData\Local\Temp\tmp1cxai5ng.txt,"证书文本：聘任易八十九为合规专员主管，但合规部已撤销。

[Start thinking]

我需要分析这段任命证书文本是否符合中文表达逻辑。

文本内容：聘任易八十九为合规专员主管，但合规部已撤销。

让我逐步分析：

1. 首先，""聘任易八十九为合规专员主管""这部分是正确的，任命他人担任特定职位是人事管理的常规做法llama_memory_breakdown_print: | memory breakdown [MiB] | total   free    self   model   context   compute    unaccounted |
llama_memory_breakdown_print: |   - Host               |                 4369 =   492 +    3091 +     786                |
llama_memory_breakdown_print: |   - CPU_REPACK         |                  181 =   181 +       0 +       0                |


[ Prompt: 333.4 t/s | Generation: 52.9 t/s ]",,False,False
0122,2026-03-25T20:04:57,"请判断以下任命证书文本是否符合中文表达逻辑，只回答'合理'或'不合理'，不要有其他内容。
证书文本：经公司决定，聘任陶四十三为董事会秘书，但陶四十三没有董秘资格。",81,80,models\Qwen3.5-0.8B.Q4_K_M.gguf,build\bin\Release\local_llm.exe,64,ok,2.2525572776794434,0.008299776287965997,3.6801187992095947,748,172,0,build\bin\Release\local_llm.exe --simple-io -st --no-warmup -n 64 -m models\Qwen3.5-0.8B.Q4_K_M.gguf -f C:\Users\AJohn\AppData\Local\Temp\tmpguk6qqmc.txt,"证书文本：经公司决定，聘任陶四十三为董事会秘书，但陶四十三没有董秘资格。

[Start thinking]

Thinking Process:

1.  **Analyze the Request:** The user wants me to judge whether a specific任命证书文本 (appointment certificate text) follows Chinese logical and grammatical rules. The output should be strictly '合理' (reasonable) or '不合理' (unreasonable/no), with no explanation.

2llama_memory_breakdown_print: | memory breakdown [MiB] | total   free    self   model   context   compute    unaccounted |
llama_memory_breakdown_print: |   - Host               |                 4369 =   492 +    3091 +     786                |
llama_memory_breakdown_print: |   - CPU_REPACK         |                  181 =   181 +       0 +       0                |


[ Prompt: 328.3 t/s | Generation: 55.7 t/s ]",,False,False
0123,2026-03-25T20:05:00,"请判断以下任命证书文本是否符合中文表达逻辑，只回答'合理'或'不合理'，不要有其他内容。
证书文本：兹任命苗六十四为市场调研经理。",65,64,models\Qwen3.5-0.8B.Q4_K_M.gguf,build\bin\Release\local_llm.exe,64,ok,2.368039608001709,0.0075988732278347015,3.8270232677459717,572,192,0,build\bin\Release\local_llm.exe --simple-io -st --no-warmup -n 64 -m models\Qwen3.5-0.8B.Q4_K_M.gguf -f C:\Users\AJohn\AppData\Local\Temp\tmprlyt3_vz.txt,"证书文本：兹任命苗六十四为市场调研经理。

[Start thinking]

让我分析这个任命证书文本是否符合中文表达逻辑：

1. 角色称谓：""苗六十四"" - 苗六十四是一个中文姓名，这是合理的称谓

2. 职位称谓：""市场调研经理"" - 这是一个标准的中文职位头衔，意为""市场调研经理""，这是合理的

3. llama_memory_breakdown_print: | memory breakdown [MiB] | total   free    self   model   context   compute    unaccounted |
llama_memory_breakdown_print: |   - Host               |                 4369 =   492 +    3091 +     786                |
llama_memory_breakdown_print: |   - CPU_REPACK         |                  181 =   181 +       0 +       0                |


[ Prompt: 283.7 t/s | Generation: 53.9 t/s ]",,True,True
0124,2026-03-25T20:05:04,"请判断以下任命证书文本是否符合中文表达逻辑，只回答'合理'或'不合理'，不要有其他内容。
证书文本：聘任柏四十九为战略发展部总监，任期三年。",70,69,models\Qwen3.5-0.8B.Q4_K_M.gguf,build\bin\Release\local_llm.exe,64,ok,2.257750988006592,0.007917569708947692,3.785841941833496,577,193,0,build\bin\Release\local_llm.exe --simple-io -st --no-warmup -n 64 -m models\Qwen3.5-0.8B.Q4_K_M.gguf -f C:\Users\AJohn\AppData\Local\Temp\tmpgk27w_fc.txt,"证书文本：聘任柏四十九为战略发展部总监，任期三年。

[Start thinking]

我需要分析这个任命证书文本是否符合中文表达逻辑。

让我逐步分析：

1. 职位名称：""战略发展部总监"" - 这个说法本身存在逻辑问题。
   - ""战略发展部""是一个部门名称，说明这是一个部门
   - ""总监""是最高级别的管理职务llama_memory_breakdown_print: | memory breakdown [MiB] | total   free    self   model   context   compute    unaccounted |
llama_memory_breakdown_print: |   - Host               |                 4369 =   492 +    3091 +     786                |
llama_memory_breakdown_print: |   - CPU_REPACK         |                  181 =   181 +       0 +       0                |


[ Prompt: 338.2 t/s | Generation: 52.2 t/s ]",,True,False
0125,2026-03-25T20:05:08,"请判断以下任命证书文本是否符合中文表达逻辑，只回答'合理'或'不合理'，不要有其他内容。
证书文本：兹任命江九十二为标准化工程师主管。",67,66,models\Qwen3.5-0.8B.Q4_K_M.gguf,build\bin\Release\local_llm.exe,64,ok,2.3314313888549805,0.007709784121126742,3.7577414512634277,564,185,0,build\bin\Release\local_llm.exe --simple-io -st --no-warmup -n 64 -m models\Qwen3.5-0.8B.Q4_K_M.gguf -f C:\Users\AJohn\AppData\Local\Temp\tmpspln42d_.txt,"证书文本：兹任命江九十二为标准化工程师主管。

[Start thinking]

我需要分析这个任命证书文本是否符合中文表达逻辑。

文本内容：""兹任命江九十二为标准化工程师主管。""

分析步骤：
1. 检查是否有错别字
2. 检查词语是否规范
3. 检查语法结构是否正确
4. 判断逻辑是否通顺llama_memory_breakdown_print: | memory breakdown [MiB] | total   free    self   model   context   compute    unaccounted |
llama_memory_breakdown_print: |   - Host               |                 4369 =   492 +    3091 +     786                |
llama_memory_breakdown_print: |   - CPU_REPACK         |                  181 =   181 +       0 +       0                |


[ Prompt: 298.6 t/s | Generation: 56.4 t/s ]",,True,False
0126,2026-03-25T20:05:12,"请判断以下任命证书文本是否符合中文表达逻辑，只回答'合理'或'不合理'，不要有其他内容。
证书文本：经薪酬委员会决定，聘任潘五十五为薪酬福利经理，但薪酬委员会已解散。",83,82,models\Qwen3.5-0.8B.Q4_K_M.gguf,build\bin\Release\local_llm.exe,64,ok,2.405998945236206,0.007171791355784347,3.876216173171997,583,205,0,build\bin\Release\local_llm.exe --simple-io -st --no-warmup -n 64 -m models\Qwen3.5-0.8B.Q4_K_M.gguf -f C:\Users\AJohn\AppData\Local\Temp\tmpc7_xpmhr.txt,"证书文本：经薪酬委员会决定，聘任潘五十五为薪酬福利经理，但薪酬委员会已解散。

[Start thinking]

我需要分析这个任命证书文本是否符合中文表达逻辑。

第一步：理解文本内容
- 主句：经薪酬委员会决定，聘任潘五十五为薪酬福利经理
- 附加信息：但薪酬委员会已解散

第二步：分析逻辑关系
1. ""经...决定"" 表示一个llama_memory_breakdown_print: | memory breakdown [MiB] | total   free    self   model   context   compute    unaccounted |
llama_memory_breakdown_print: |   - Host               |                 4369 =   492 +    3091 +     786                |
llama_memory_breakdown_print: |   - CPU_REPACK         |                  181 =   181 +       0 +       0                |


[ Prompt: 357.2 t/s | Generation: 53.3 t/s ]",,False,False
0127,2026-03-25T20:05:16,"请判断以下任命证书文本是否符合中文表达逻辑，只回答'合理'或'不合理'，不要有其他内容。
证书文本：经公司战略委员会决定，聘任张三十六为创新业务部负责人，但创新业务部尚未成立。",88,87,models\Qwen3.5-0.8B.Q4_K_M.gguf,build\bin\Release\local_llm.exe,64,ok,2.4991042613983154,0.007634280278132512,3.9877889156341553,585,195,0,build\bin\Release\local_llm.exe --simple-io -st --no-warmup -n 64 -m models\Qwen3.5-0.8B.Q4_K_M.gguf -f C:\Users\AJohn\AppData\Local\Temp\tmplaq7_r3f.txt,"证书文本：经公司战略委员会决定，聘任张三十六为创新业务部负责人，但创新业务部尚未成立。

[Start thinking]

我需要分析这个任命证书文本的语意逻辑。

1. 首先，我需要理解任命证书的核心信息：
   - 任命方：公司战略委员会
   - 被任命人：张三十六
   - 职务：创新业务部负责人
   - 背景说明：但创新业务llama_memory_breakdown_print: | memory breakdown [MiB] | total   free    self   model   context   compute    unaccounted |
llama_memory_breakdown_print: |   - Host               |                 4369 =   492 +    3091 +     786                |
llama_memory_breakdown_print: |   - CPU_REPACK         |                  181 =   181 +       0 +       0                |


[ Prompt: 335.6 t/s | Generation: 52.8 t/s ]",,False,False
0128,2026-03-25T20:05:20,"请判断以下任命证书文本是否符合中文表达逻辑，只回答'合理'或'不合理'，不要有其他内容。
证书文本：经风控部推荐，聘任成八十七为风控经理，但风控部已撤销。",77,76,models\Qwen3.5-0.8B.Q4_K_M.gguf,build\bin\Release\local_llm.exe,64,ok,2.6167070865631104,0.00873647197600334,4.2416908740997314,570,186,0,build\bin\Release\local_llm.exe --simple-io -st --no-warmup -n 64 -m models\Qwen3.5-0.8B.Q4_K_M.gguf -f C:\Users\AJohn\AppData\Local\Temp\tmpwytzc8oz.txt,"证书文本：经风控部推荐，聘任成八十七为风控经理，但风控部已撤销。

[Start thinking]

我需要分析这个任命证书文本是否符合中文表达逻辑。

1. 首先，我应该解析这个文本：
- ""经风控部推荐"" - 经过风控部的推荐
- ""聘任"" - 聘任（任命）
- ""成八十七"" - 八十七岁
- ""为风控llama_memory_breakdown_print: | memory breakdown [MiB] | total   free    self   model   context   compute    unaccounted |
llama_memory_breakdown_print: |   - Host               |                 4369 =   492 +    3091 +     786                |
llama_memory_breakdown_print: |   - CPU_REPACK         |                  181 =   181 +       0 +       0                |


[ Prompt: 278.4 t/s | Generation: 47.8 t/s ]",,False,False
0129,2026-03-25T20:05:24,"请判断以下任命证书文本是否符合中文表达逻辑，只回答'合理'或'不合理'，不要有其他内容。
证书文本：任命苏五十四为人力资源副经理，但人力资源部经理已由他人担任。",80,79,models\Qwen3.5-0.8B.Q4_K_M.gguf,build\bin\Release\local_llm.exe,64,ok,2.477491855621338,0.006818903443958838,3.9299182891845703,588,213,0,build\bin\Release\local_llm.exe --simple-io -st --no-warmup -n 64 -m models\Qwen3.5-0.8B.Q4_K_M.gguf -f C:\Users\AJohn\AppData\Local\Temp\tmpyl71p1rp.txt,"证书文本：任命苏五十四为人力资源副经理，但人力资源部经理已由他人担任。

[Start thinking]

我需要分析这个任命证书的文本，判断其是否符合中文表达逻辑。

首先看任命内容：任命苏五十四为人力资源副经理。

关键信息：人力资源部经理已由他人担任。

逻辑分析：
1. 如果人力资源部经理由他人担任，那么任命苏五十四成为人力资源副经理llama_memory_breakdown_print: | memory breakdown [MiB] | total   free    self   model   context   compute    unaccounted |
llama_memory_breakdown_print: |   - Host               |                 4369 =   492 +    3091 +     786                |
llama_memory_breakdown_print: |   - CPU_REPACK         |                  181 =   181 +       0 +       0                |


[ Prompt: 321.3 t/s | Generation: 54.1 t/s ]",,False,False
0130,2026-03-25T20:05:28,"请判断以下任命证书文本是否符合中文表达逻辑，只回答'合理'或'不合理'，不要有其他内容。
证书文本：兹任命章五十二为法务副总监，协助法务工作。",71,70,models\Qwen3.5-0.8B.Q4_K_M.gguf,build\bin\Release\local_llm.exe,64,ok,2.3472840785980225,0.008910678924723742,4.013581037521362,565,187,0,build\bin\Release\local_llm.exe --simple-io -st --no-warmup -n 64 -m models\Qwen3.5-0.8B.Q4_K_M.gguf -f C:\Users\AJohn\AppData\Local\Temp\tmplud_kscp.txt,"证书文本：兹任命章五十二为法务副总监，协助法务工作。

[Start thinking]

我需要判断这个任命证书文本是否符合中文表达逻辑。

让我分析这个文本：
1. ""兹任命"" - 这是中文常见的开头，表示""特兹任命""，表示""特兹任命...""
2. ""章五十二"" - 这是数字""52""，没有写成""llama_memory_breakdown_print: | memory breakdown [MiB] | total   free    self   model   context   compute    unaccounted |
llama_memory_breakdown_print: |   - Host               |                 4369 =   492 +    3091 +     786                |
llama_memory_breakdown_print: |   - CPU_REPACK         |                  181 =   181 +       0 +       0                |


[ Prompt: 344.6 t/s | Generation: 46.0 t/s ]",,True,False
0131,2026-03-25T20:05:32,"请判断以下任命证书文本是否符合中文表达逻辑，只回答'合理'或'不合理'，不要有其他内容。
证书文本：经薪酬委员会决定，聘任潘五十五为薪酬福利经理。",73,72,models\Qwen3.5-0.8B.Q4_K_M.gguf,build\bin\Release\local_llm.exe,64,ok,2.2632803916931152,0.007743270264059154,3.7887046337127686,572,197,0,build\bin\Release\local_llm.exe --simple-io -st --no-warmup -n 64 -m models\Qwen3.5-0.8B.Q4_K_M.gguf -f C:\Users\AJohn\AppData\Local\Temp\tmp1r316w45.txt,"证书文本：经薪酬委员会决定，聘任潘五十五为薪酬福利经理。

[Start thinking]

我需要判断“经薪酬委员会决定，聘任潘五十五为薪酬福利经理”是否符合中文表达逻辑。

首先，我要分析这句话的语法结构和语义逻辑：
1. 时间状语：经薪酬委员会决定 - 表明这是经过决策程序的结果，这是合理的。
2. 主谓llama_memory_breakdown_print: | memory breakdown [MiB] | total   free    self   model   context   compute    unaccounted |
llama_memory_breakdown_print: |   - Host               |                 4369 =   492 +    3091 +     786                |
llama_memory_breakdown_print: |   - CPU_REPACK         |                  181 =   181 +       0 +       0                |


[ Prompt: 330.4 t/s | Generation: 51.7 t/s ]",,True,True
0132,2026-03-25T20:05:36,"请判断以下任命证书文本是否符合中文表达逻辑，只回答'合理'或'不合理'，不要有其他内容。
证书文本：聘任岑七十三为数据科学家。",63,62,models\Qwen3.5-0.8B.Q4_K_M.gguf,build\bin\Release\local_llm.exe,64,ok,2.2635388374328613,0.0073366619291759675,3.650167942047119,561,189,0,build\bin\Release\local_llm.exe --simple-io -st --no-warmup -n 64 -m models\Qwen3.5-0.8B.Q4_K_M.gguf -f C:\Users\AJohn\AppData\Local\Temp\tmpv54vp5dg.txt,"证书文本：聘任岑七十三为数据科学家。

[Start thinking]

1. 首先，我需要确定任务是什么：请判断以下任命证书文本是否符合中文表达逻辑，只回答'合理'或'不合理'，不要有其他内容。
2. 其次，我需要解析文本内容：文本内容是“聘任岑七十三为数据科学家”。
3. 接下来，分析llama_memory_breakdown_print: | memory breakdown [MiB] | total   free    self   model   context   compute    unaccounted |
llama_memory_breakdown_print: |   - Host               |                 4369 =   492 +    3091 +     786                |
llama_memory_breakdown_print: |   - CPU_REPACK         |                  181 =   181 +       0 +       0                |


[ Prompt: 342.4 t/s | Generation: 57.2 t/s ]",,True,False
0133,2026-03-25T20:05:39,"请判断以下任命证书文本是否符合中文表达逻辑，只回答'合理'或'不合理'，不要有其他内容。
证书文本：兹任命游八十八为内控经理。",63,62,models\Qwen3.5-0.8B.Q4_K_M.gguf,build\bin\Release\local_llm.exe,64,ok,2.280501127243042,0.009171582931695982,3.858013391494751,551,172,0,build\bin\Release\local_llm.exe --simple-io -st --no-warmup -n 64 -m models\Qwen3.5-0.8B.Q4_K_M.gguf -f C:\Users\AJohn\AppData\Local\Temp\tmpifqk7nng.txt,"证书文本：兹任命游八十八为内控经理。

[Start thinking]

让我分析这个任命证书文本的中文表达逻辑：

1. 文本内容是：""兹任命游八十八为内控经理""
2. 分析关键点：
   - ""兹"" - 古代汉语中的""兹""，表示""这样""、""这""，用于正式场合，表示""llama_memory_breakdown_print: | memory breakdown [MiB] | total   free    self   model   context   compute    unaccounted |
llama_memory_breakdown_print: |   - Host               |                 4369 =   492 +    3091 +     786                |
llama_memory_breakdown_print: |   - CPU_REPACK         |                  181 =   181 +       0 +       0                |


[ Prompt: 325.3 t/s | Generation: 52.1 t/s ]",,True,False
0134,2026-03-25T20:05:43,"请判断以下任命证书文本是否符合中文表达逻辑，只回答'合理'或'不合理'，不要有其他内容。
证书文本：任命张一为首席战略官，但公司无战略规划需求。",72,71,models\Qwen3.5-0.8B.Q4_K_M.gguf,build\bin\Release\local_llm.exe,64,ok,2.416379928588867,0.008074589033384582,3.9101788997650146,566,185,0,build\bin\Release\local_llm.exe --simple-io -st --no-warmup -n 64 -m models\Qwen3.5-0.8B.Q4_K_M.gguf -f C:\Users\AJohn\AppData\Local\Temp\tmpn32ofet5.txt,"证书文本：任命张一为首席战略官，但公司无战略规划需求。

[Start thinking]

让我分析这个任命证书文本的逻辑：

1. 文本内容：任命张一为首席战略官，但公司无战略规划需求。

2. 逻辑分析：
- 任命张一为首席战略官
- 但公司没有战略规划需求

这里的逻辑链条存在问题：
- 如果llama_memory_breakdown_print: | memory breakdown [MiB] | total   free    self   model   context   compute    unaccounted |
llama_memory_breakdown_print: |   - Host               |                 4369 =   492 +    3091 +     786                |
llama_memory_breakdown_print: |   - CPU_REPACK         |                  181 =   181 +       0 +       0                |


[ Prompt: 345.3 t/s | Generation: 54.0 t/s ]",,False,False
0135,2026-03-25T20:05:47,"请判断以下任命证书文本是否符合中文表达逻辑，只回答'合理'或'不合理'，不要有其他内容。
证书文本：聘任奚五十七为投资总监，但公司无投资业务。",71,70,models\Qwen3.5-0.8B.Q4_K_M.gguf,build\bin\Release\local_llm.exe,64,ok,2.228304147720337,0.007823738298918071,3.7148144245147705,568,190,0,build\bin\Release\local_llm.exe --simple-io -st --no-warmup -n 64 -m models\Qwen3.5-0.8B.Q4_K_M.gguf -f C:\Users\AJohn\AppData\Local\Temp\tmpxr2nerd_.txt,"证书文本：聘任奚五十七为投资总监，但公司无投资业务。

[Start thinking]

需要判断的是任命证书文本是否符合中文表达逻辑。

1. 分析文本内容：""聘任奚五十七为投资总监，但公司无投资业务""

2. 检查逻辑完整性：
- 任命内容：奚五十七担任投资总监
- 背景说明：公司目前没有投资业务
llama_memory_breakdown_print: | memory breakdown [MiB] | total   free    self   model   context   compute    unaccounted |
llama_memory_breakdown_print: |   - Host               |                 4369 =   492 +    3091 +     786                |
llama_memory_breakdown_print: |   - CPU_REPACK         |                  181 =   181 +       0 +       0                |


[ Prompt: 319.2 t/s | Generation: 52.7 t/s ]",,False,False
0136,2026-03-25T20:05:51,"请判断以下任命证书文本是否符合中文表达逻辑，只回答'合理'或'不合理'，不要有其他内容。
证书文本：兹任命姜四十四为行政总监，负责后勤保障。",70,69,models\Qwen3.5-0.8B.Q4_K_M.gguf,build\bin\Release\local_llm.exe,64,ok,2.1376395225524902,0.008081551602012233,3.6731343269348145,568,190,0,build\bin\Release\local_llm.exe --simple-io -st --no-warmup -n 64 -m models\Qwen3.5-0.8B.Q4_K_M.gguf -f C:\Users\AJohn\AppData\Local\Temp\tmpizz_xsql.txt,"证书文本：兹任命姜四十四为行政总监，负责后勤保障。

[Start thinking]

让我分析这个任命证书文本的逻辑：

1. 角色名称：姜四十四
2. 职位：行政总监
3. 职责：负责后勤保障

从中文表达逻辑的角度来看，这个任命非常合理。

首先，""行政总监""是一个合理的职位头衔，这是企业或机构中llama_memory_breakdown_print: | memory breakdown [MiB] | total   free    self   model   context   compute    unaccounted |
llama_memory_breakdown_print: |   - Host               |                 4369 =   492 +    3091 +     786                |
llama_memory_breakdown_print: |   - CPU_REPACK         |                  181 =   181 +       0 +       0                |


[ Prompt: 338.8 t/s | Generation: 51.1 t/s ]",,True,True
0137,2026-03-25T20:05:55,"请判断以下任命证书文本是否符合中文表达逻辑，只回答'合理'或'不合理'，不要有其他内容。
证书文本：兹聘任金四十一为首席技术官，但金四十一无技术背景。",75,74,models\Qwen3.5-0.8B.Q4_K_M.gguf,build\bin\Release\local_llm.exe,64,ok,2.4488515853881836,0.00903554590124833,4.165605306625366,569,190,0,build\bin\Release\local_llm.exe --simple-io -st --no-warmup -n 64 -m models\Qwen3.5-0.8B.Q4_K_M.gguf -f C:\Users\AJohn\AppData\Local\Temp\tmpz69hcgz1.txt,"证书文本：兹聘任金四十一为首席技术官，但金四十一无技术背景。

[Start thinking]

我需要分析这个任命证书文本的逻辑。

文本内容：""兹聘任金四十一为首席技术官，但金四十一无技术背景。""

分析过程：
1. ""聘任"" - 任命某人担任职位，这是正确的使用
2. ""首席技术官"" - 头衔，这是llama_memory_breakdown_print: | memory breakdown [MiB] | total   free    self   model   context   compute    unaccounted |
llama_memory_breakdown_print: |   - Host               |                 4369 =   492 +    3091 +     786                |
llama_memory_breakdown_print: |   - CPU_REPACK         |                  181 =   181 +       0 +       0                |


[ Prompt: 292.7 t/s | Generation: 44.8 t/s ]",,False,False
0138,2026-03-25T20:05:59,"请判断以下任命证书文本是否符合中文表达逻辑，只回答'合理'或'不合理'，不要有其他内容。
证书文本：经风控部推荐，聘任成八十七为风控经理。",69,68,models\Qwen3.5-0.8B.Q4_K_M.gguf,build\bin\Release\local_llm.exe,64,ok,2.474006175994873,0.008144776451396432,3.997079372406006,562,187,0,build\bin\Release\local_llm.exe --simple-io -st --no-warmup -n 64 -m models\Qwen3.5-0.8B.Q4_K_M.gguf -f C:\Users\AJohn\AppData\Local\Temp\tmprgtivkn_.txt,"证书文本：经风控部推荐，聘任成八十七为风控经理。

[Start thinking]

1.  **分析文本内容**：文本描述的是“聘任”一名名为“成八十七”（通常对应“成八七”）的角色为“风控经理”。
2.  **识别核心逻辑**：任命证书中的关键词是“聘任”。
3.  **评估语义**：“llama_memory_breakdown_print: | memory breakdown [MiB] | total   free    self   model   context   compute    unaccounted |
llama_memory_breakdown_print: |   - Host               |                 4369 =   492 +    3091 +     786                |
llama_memory_breakdown_print: |   - CPU_REPACK         |                  181 =   181 +       0 +       0                |


[ Prompt: 333.3 t/s | Generation: 51.5 t/s ]",,True,False
0139,2026-03-25T20:06:03,"请判断以下任命证书文本是否符合中文表达逻辑，只回答'合理'或'不合理'，不要有其他内容。
证书文本：兹任命魏一百为业务拓展总监。",64,63,models\Qwen3.5-0.8B.Q4_K_M.gguf,build\bin\Release\local_llm.exe,64,ok,2.4320361614227295,0.007991009071225026,3.894390821456909,556,183,0,build\bin\Release\local_llm.exe --simple-io -st --no-warmup -n 64 -m models\Qwen3.5-0.8B.Q4_K_M.gguf -f C:\Users\AJohn\AppData\Local\Temp\tmpd7gecocj.txt,"证书文本：兹任命魏一百为业务拓展总监。

[Start thinking]

分析步骤：
1. 首先检查文本的基本结构：任命证书通常包含""兹任命...""的格式。
2. 检查关键信息：文本中提到了""魏一百""作为被任命者（人名），以及职务""业务拓展总监""。
3. 验证姓名和职务的合理性llama_memory_breakdown_print: | memory breakdown [MiB] | total   free    self   model   context   compute    unaccounted |
llama_memory_breakdown_print: |   - Host               |                 4369 =   492 +    3091 +     786                |
llama_memory_breakdown_print: |   - CPU_REPACK         |                  181 =   181 +       0 +       0                |


[ Prompt: 297.6 t/s | Generation: 53.7 t/s ]",,True,True
0140,2026-03-25T20:06:07,"请判断以下任命证书文本是否符合中文表达逻辑，只回答'合理'或'不合理'，不要有其他内容。
证书文本：任命施三十五为华南区域经理，自即日起生效。",71,70,models\Qwen3.5-0.8B.Q4_K_M.gguf,build\bin\Release\local_llm.exe,64,ok,2.363475799560547,0.008007702562544081,3.8048622608184814,561,180,0,build\bin\Release\local_llm.exe --simple-io -st --no-warmup -n 64 -m models\Qwen3.5-0.8B.Q4_K_M.gguf -f C:\Users\AJohn\AppData\Local\Temp\tmpnnxcnm2j.txt,"证书文本：任命施三十五为华南区域经理，自即日起生效。

[Start thinking]

让我分析这个任命证书的文本逻辑：

1. 文本内容：""任命施三十五为华南区域经理，自即日起生效""

2. 检查逻辑：
- 任命主体：施三十五
- 任命对象：华南区域经理
- 生效时间：自即日起生效

llama_memory_breakdown_print: | memory breakdown [MiB] | total   free    self   model   context   compute    unaccounted |
llama_memory_breakdown_print: |   - Host               |                 4369 =   492 +    3091 +     786                |
llama_memory_breakdown_print: |   - CPU_REPACK         |                  181 =   181 +       0 +       0                |


[ Prompt: 302.5 t/s | Generation: 54.5 t/s ]",,True,False
0141,2026-03-25T20:06:10,"请判断以下任命证书文本是否符合中文表达逻辑，只回答'合理'或'不合理'，不要有其他内容。
证书文本：经质量部推荐，聘任单九十五为质量体系主管，但质量体系已外包。",80,79,models\Qwen3.5-0.8B.Q4_K_M.gguf,build\bin\Release\local_llm.exe,64,ok,2.305344343185425,0.007842485187123122,3.920896291732788,580,206,0,build\bin\Release\local_llm.exe --simple-io -st --no-warmup -n 64 -m models\Qwen3.5-0.8B.Q4_K_M.gguf -f C:\Users\AJohn\AppData\Local\Temp\tmprtmzmops.txt,"证书文本：经质量部推荐，聘任单九十五为质量体系主管，但质量体系已外包。

[Start thinking]

我需要判断这段任命证书文本是否符合中文表达逻辑。

让我分析这个任命证书文本：
""经质量部推荐，聘任单九十五为质量体系主管，但质量体系已外包。""

主要问题：
1. 第一句话：""经质量部推荐，聘任单九十五为质量体系主管""llama_memory_breakdown_print: | memory breakdown [MiB] | total   free    self   model   context   compute    unaccounted |
llama_memory_breakdown_print: |   - Host               |                 4369 =   492 +    3091 +     786                |
llama_memory_breakdown_print: |   - CPU_REPACK         |                  181 =   181 +       0 +       0                |


[ Prompt: 340.6 t/s | Generation: 50.7 t/s ]",,False,False
0142,2026-03-25T20:06:14,"请判断以下任命证书文本是否符合中文表达逻辑，只回答'合理'或'不合理'，不要有其他内容。
证书文本：聘任欧九十七为售后经理，但售后已外包。",69,68,models\Qwen3.5-0.8B.Q4_K_M.gguf,build\bin\Release\local_llm.exe,64,ok,2.2363839149475098,0.008468430801476846,3.7522330284118652,557,179,0,build\bin\Release\local_llm.exe --simple-io -st --no-warmup -n 64 -m models\Qwen3.5-0.8B.Q4_K_M.gguf -f C:\Users\AJohn\AppData\Local\Temp\tmpepaa7i7g.txt,"证书文本：聘任欧九十七为售后经理，但售后已外包。

[Start thinking]

让我分析这个任命证书文本是否符合中文表达逻辑：

1. 首先理解文本内容：聘任欧九十七为售后经理，但售后已外包。

2. 关键信息点：
- 主体：聘任欧九十七为售后经理
- 动作：聘任（即任命）
llama_memory_breakdown_print: | memory breakdown [MiB] | total   free    self   model   context   compute    unaccounted |
llama_memory_breakdown_print: |   - Host               |                 4369 =   492 +    3091 +     786                |
llama_memory_breakdown_print: |   - CPU_REPACK         |                  181 =   181 +       0 +       0                |


[ Prompt: 313.8 t/s | Generation: 53.5 t/s ]",,False,False
0143,2026-03-25T20:06:18,"请判断以下任命证书文本是否符合中文表达逻辑，只回答'合理'或'不合理'，不要有其他内容。
证书文本：聘任于八十五为保密办主任，但保密办已并入行政部。",74,73,models\Qwen3.5-0.8B.Q4_K_M.gguf,build\bin\Release\local_llm.exe,64,ok,2.3275516033172607,0.007447205027755426,3.787203788757324,568,196,0,build\bin\Release\local_llm.exe --simple-io -st --no-warmup -n 64 -m models\Qwen3.5-0.8B.Q4_K_M.gguf -f C:\Users\AJohn\AppData\Local\Temp\tmpeu7uggp6.txt,"证书文本：聘任于八十五为保密办主任，但保密办已并入行政部。

[Start thinking]

让我分析这个任命证书文本的逻辑：

1. ""聘任于八十五为保密办主任"" - 这里有个问题，""聘任""这个字在中文任命证书中不太常见。通常应该是""任命""或""被任命""，而""聘任""通常用于非正式场合或合同等正式文件中llama_memory_breakdown_print: | memory breakdown [MiB] | total   free    self   model   context   compute    unaccounted |
llama_memory_breakdown_print: |   - Host               |                 4369 =   492 +    3091 +     786                |
llama_memory_breakdown_print: |   - CPU_REPACK         |                  181 =   181 +       0 +       0                |


[ Prompt: 321.3 t/s | Generation: 54.1 t/s ]",,False,False
0144,2026-03-25T20:06:22,"请判断以下任命证书文本是否符合中文表达逻辑，只回答'合理'或'不合理'，不要有其他内容。
证书文本：任命施三十五为华南区域经理，自即日起生效，但华南区域经理已由他人担任。",85,84,models\Qwen3.5-0.8B.Q4_K_M.gguf,build\bin\Release\local_llm.exe,64,ok,2.350090742111206,0.007315086126327515,3.813107967376709,582,200,0,build\bin\Release\local_llm.exe --simple-io -st --no-warmup -n 64 -m models\Qwen3.5-0.8B.Q4_K_M.gguf -f C:\Users\AJohn\AppData\Local\Temp\tmpzu794_lw.txt,"证书文本：任命施三十五为华南区域经理，自即日起生效，但华南区域经理已由他人担任。

[Start thinking]

让我分析这个任命证书文本的中文表达逻辑：

1. 第一句：“任命施三十五为华南区域经理”
   - 这是正确的任命语句，说明施三十五获得了华南区域经理的任命，这是合理的。

2. 第二句：“自即日起生效”
   -llama_memory_breakdown_print: | memory breakdown [MiB] | total   free    self   model   context   compute    unaccounted |
llama_memory_breakdown_print: |   - Host               |                 4369 =   492 +    3091 +     786                |
llama_memory_breakdown_print: |   - CPU_REPACK         |                  181 =   181 +       0 +       0                |


[ Prompt: 343.4 t/s | Generation: 53.7 t/s ]",,False,True
0145,2026-03-25T20:06:26,"请判断以下任命证书文本是否符合中文表达逻辑，只回答'合理'或'不合理'，不要有其他内容。
证书文本：兹任命郎六十为质量副经理，但质量部只有经理一人。",74,73,models\Qwen3.5-0.8B.Q4_K_M.gguf,build\bin\Release\local_llm.exe,64,ok,2.43263840675354,0.00757533185025479,3.8568007946014404,566,188,0,build\bin\Release\local_llm.exe --simple-io -st --no-warmup -n 64 -m models\Qwen3.5-0.8B.Q4_K_M.gguf -f C:\Users\AJohn\AppData\Local\Temp\tmp0eq3qnep.txt,"证书文本：兹任命郎六十为质量副经理，但质量部只有经理一人。

[Start thinking]

让我分析这个任命证书文本的逻辑：

1. 文本提到""郎六十""，这看起来像是人名，但""郎六十""这个说法不符合中文习惯
2. ""为质量副经理"" - 这是任命内容，语法正确
3. ""但质量部只有经理一人"" - llama_memory_breakdown_print: | memory breakdown [MiB] | total   free    self   model   context   compute    unaccounted |
llama_memory_breakdown_print: |   - Host               |                 4369 =   492 +    3091 +     786                |
llama_memory_breakdown_print: |   - CPU_REPACK         |                  181 =   181 +       0 +       0                |


[ Prompt: 330.9 t/s | Generation: 55.5 t/s ]",,False,False
0146,2026-03-25T20:06:30,"请判断以下任命证书文本是否符合中文表达逻辑，只回答'合理'或'不合理'，不要有其他内容。
证书文本：任命苏五十四为人力资源副经理，负责招聘培训。",72,71,models\Qwen3.5-0.8B.Q4_K_M.gguf,build\bin\Release\local_llm.exe,64,ok,2.433947801589966,0.00806941536708652,3.975206136703491,568,191,0,build\bin\Release\local_llm.exe --simple-io -st --no-warmup -n 64 -m models\Qwen3.5-0.8B.Q4_K_M.gguf -f C:\Users\AJohn\AppData\Local\Temp\tmpurjkjkap.txt,"证书文本：任命苏五十四为人力资源副经理，负责招聘培训。

[Start thinking]

我需要判断这个任命证书文本是否符合中文表达逻辑。

让我分析这个任命：
1. 主体：任命苏五十四
2. 身份：为人力资源副经理
3. 职责：负责招聘培训

首先，我需要检查""人力资源""这个术语在中文语境中的正确性llama_memory_breakdown_print: | memory breakdown [MiB] | total   free    self   model   context   compute    unaccounted |
llama_memory_breakdown_print: |   - Host               |                 4369 =   492 +    3091 +     786                |
llama_memory_breakdown_print: |   - CPU_REPACK         |                  181 =   181 +       0 +       0                |


[ Prompt: 325.9 t/s | Generation: 51.1 t/s ]",,True,False
0147,2026-03-25T20:06:34,"请判断以下任命证书文本是否符合中文表达逻辑，只回答'合理'或'不合理'，不要有其他内容。
证书文本：经考核合格，决定聘用周七为市场部副经理，然而周七从未从事过市场工作。",84,83,models\Qwen3.5-0.8B.Q4_K_M.gguf,build\bin\Release\local_llm.exe,64,ok,2.2779672145843506,0.0079448360423143,3.795430898666382,575,191,0,build\bin\Release\local_llm.exe --simple-io -st --no-warmup -n 64 -m models\Qwen3.5-0.8B.Q4_K_M.gguf -f C:\Users\AJohn\AppData\Local\Temp\tmpaihquxkc.txt,"证书文本：经考核合格，决定聘用周七为市场部副经理，然而周七从未从事过市场工作。

[Start thinking]

1. 首先，我需要理解任务：判断给定的任命证书文本是否符合中文表达逻辑，只输出'合理'或'不合理'。

2. 分析文本内容：
   - 事件：周七被任命为市场部副经理。
   - 理由：考核合格。
  llama_memory_breakdown_print: | memory breakdown [MiB] | total   free    self   model   context   compute    unaccounted |
llama_memory_breakdown_print: |   - Host               |                 4369 =   492 +    3091 +     786                |
llama_memory_breakdown_print: |   - CPU_REPACK         |                  181 =   181 +       0 +       0                |


[ Prompt: 323.9 t/s | Generation: 52.2 t/s ]",,False,False
0148,2026-03-25T20:06:37,"请判断以下任命证书文本是否符合中文表达逻辑，只回答'合理'或'不合理'，不要有其他内容。
证书文本：经竞聘考核，聘用华四十为培训部经理。",68,67,models\Qwen3.5-0.8B.Q4_K_M.gguf,build\bin\Release\local_llm.exe,64,ok,2.2210938930511475,0.007967609972567171,3.695101737976074,563,185,0,build\bin\Release\local_llm.exe --simple-io -st --no-warmup -n 64 -m models\Qwen3.5-0.8B.Q4_K_M.gguf -f C:\Users\AJohn\AppData\Local\Temp\tmp_sslhd2o.txt,"证书文本：经竞聘考核，聘用华四十为培训部经理。

[Start thinking]

让我分析这个任命证书文本：

1. ""经竞聘考核"" - 这是合理的，表示通过竞聘和考核程序，体现了程序的规范性
2. ""聘用"" - 这是任命/聘任的正确用词，表示正式任用，与""聘任""意思相近但用词不同
3. ""llama_memory_breakdown_print: | memory breakdown [MiB] | total   free    self   model   context   compute    unaccounted |
llama_memory_breakdown_print: |   - Host               |                 4369 =   492 +    3091 +     786                |
llama_memory_breakdown_print: |   - CPU_REPACK         |                  181 =   181 +       0 +       0                |


[ Prompt: 306.6 t/s | Generation: 53.4 t/s ]",,True,True
0149,2026-03-25T20:06:41,"请判断以下任命证书文本是否符合中文表达逻辑，只回答'合理'或'不合理'，不要有其他内容。
证书文本：经人力部决议，聘任倪七十五为员工关系经理。",71,70,models\Qwen3.5-0.8B.Q4_K_M.gguf,build\bin\Release\local_llm.exe,64,ok,2.2942795753479004,0.007781482387233425,3.733853816986084,572,185,0,build\bin\Release\local_llm.exe --simple-io -st --no-warmup -n 64 -m models\Qwen3.5-0.8B.Q4_K_M.gguf -f C:\Users\AJohn\AppData\Local\Temp\tmppq9t1vs3.txt,"证书文本：经人力部决议，聘任倪七十五为员工关系经理。

[Start thinking]

我需要分析这个任命证书文本是否符合中文表达逻辑。

文本内容：""经人力部决议，聘任倪七十五为员工关系经理。""

中文逻辑分析：
1. 时间顺序：任命通知 → 决议 → 聘任 → 任命证书
   - 这是合理的叙事顺序
  llama_memory_breakdown_print: | memory breakdown [MiB] | total   free    self   model   context   compute    unaccounted |
llama_memory_breakdown_print: |   - Host               |                 4369 =   492 +    3091 +     786                |
llama_memory_breakdown_print: |   - CPU_REPACK         |                  181 =   181 +       0 +       0                |


[ Prompt: 347.2 t/s | Generation: 54.6 t/s ]",,True,True
0150,2026-03-25T20:06:45,"请判断以下任命证书文本是否符合中文表达逻辑，只回答'合理'或'不合理'，不要有其他内容。
证书文本：聘任曹三十八为生产厂长，负责生产调度。",69,68,models\Qwen3.5-0.8B.Q4_K_M.gguf,build\bin\Release\local_llm.exe,64,ok,2.2559709548950195,0.0074089212515919475,3.6933016777038574,566,194,0,build\bin\Release\local_llm.exe --simple-io -st --no-warmup -n 64 -m models\Qwen3.5-0.8B.Q4_K_M.gguf -f C:\Users\AJohn\AppData\Local\Temp\tmph139n5gy.txt,"证书文本：聘任曹三十八为生产厂长，负责生产调度。

[Start thinking]

我需要分析任命证书文本的逻辑和语法。

1. 首先看核心内容：任命曹三十八为生产厂长
2. 这涉及到一个职务名称""生产厂长""，在中国法律和商业实践中，这个职位通常称为""生产部长""或""生产副厂长""，而不是""生产厂长""llama_memory_breakdown_print: | memory breakdown [MiB] | total   free    self   model   context   compute    unaccounted |
llama_memory_breakdown_print: |   - Host               |                 4369 =   492 +    3091 +     786                |
llama_memory_breakdown_print: |   - CPU_REPACK         |                  181 =   181 +       0 +       0                |


[ Prompt: 334.0 t/s | Generation: 55.2 t/s ]",,True,False
0151,2026-03-25T20:06:48,"请判断以下任命证书文本是否符合中文表达逻辑，只回答'合理'或'不合理'，不要有其他内容。
证书文本：经项目部提名，聘任费七十一为项目经理，但项目已终止。",76,75,models\Qwen3.5-0.8B.Q4_K_M.gguf,build\bin\Release\local_llm.exe,64,ok,2.4167330265045166,0.008310831309667702,3.937615156173706,571,183,0,build\bin\Release\local_llm.exe --simple-io -st --no-warmup -n 64 -m models\Qwen3.5-0.8B.Q4_K_M.gguf -f C:\Users\AJohn\AppData\Local\Temp\tmpjv3wc1on.txt,"证书文本：经项目部提名，聘任费七十一为项目经理，但项目已终止。

[Start thinking]

1.  **分析文本内容**：
    *   **事件**：项目经理被聘任。
    *   **金额**：聘任费七十一（这显然是个错误，因为七十一通常指一个数字，如71元，如果是71万元或71天，语境不符，llama_memory_breakdown_print: | memory breakdown [MiB] | total   free    self   model   context   compute    unaccounted |
llama_memory_breakdown_print: |   - Host               |                 4369 =   492 +    3091 +     786                |
llama_memory_breakdown_print: |   - CPU_REPACK         |                  181 =   181 +       0 +       0                |


[ Prompt: 301.6 t/s | Generation: 51.1 t/s ]",,False,False
0152,2026-03-25T20:06:52,"请判断以下任命证书文本是否符合中文表达逻辑，只回答'合理'或'不合理'，不要有其他内容。
证书文本：聘任罗十八为财务副总监，协助财务总监工作。",71,70,models\Qwen3.5-0.8B.Q4_K_M.gguf,build\bin\Release\local_llm.exe,64,ok,2.6045305728912354,0.008594499208540192,4.246079921722412,574,191,0,build\bin\Release\local_llm.exe --simple-io -st --no-warmup -n 64 -m models\Qwen3.5-0.8B.Q4_K_M.gguf -f C:\Users\AJohn\AppData\Local\Temp\tmpb1rtsfm3.txt,"证书文本：聘任罗十八为财务副总监，协助财务总监工作。

[Start thinking]

我需要判断这个任命证书文本是否符合中文表达逻辑。

首先，我需要理解这个文本在说什么：
- 聘任（任命）罗十八为财务副总监
- 协助财务总监工作

接下来，我需要分析中文表达中的逻辑结构：

1. 关于""聘任""：
   - ""llama_memory_breakdown_print: | memory breakdown [MiB] | total   free    self   model   context   compute    unaccounted |
llama_memory_breakdown_print: |   - Host               |                 4369 =   492 +    3091 +     786                |
llama_memory_breakdown_print: |   - CPU_REPACK         |                  181 =   181 +       0 +       0                |


[ Prompt: 318.3 t/s | Generation: 47.7 t/s ]",,True,False
0153,2026-03-25T20:06:57,"请判断以下任命证书文本是否符合中文表达逻辑，只回答'合理'或'不合理'，不要有其他内容。
证书文本：任命罗七十八为招聘经理。",62,61,models\Qwen3.5-0.8B.Q4_K_M.gguf,build\bin\Release\local_llm.exe,64,ok,2.2616705894470215,0.008255439191251188,3.788926839828491,559,185,0,build\bin\Release\local_llm.exe --simple-io -st --no-warmup -n 64 -m models\Qwen3.5-0.8B.Q4_K_M.gguf -f C:\Users\AJohn\AppData\Local\Temp\tmpz7bpsnsf.txt,"证书文本：任命罗七十八为招聘经理。

[Start thinking]

我需要分析这个任命证书文本是否符合中文表达逻辑。

1. 首先分析文本内容：""任命罗七十八为招聘经理""
2. 关键问题：这是中文还是英文？
3. 中文中任命通常是""任命某人为...""的语法结构，而""任命""后面应该接llama_memory_breakdown_print: | memory breakdown [MiB] | total   free    self   model   context   compute    unaccounted |
llama_memory_breakdown_print: |   - Host               |                 4369 =   492 +    3091 +     786                |
llama_memory_breakdown_print: |   - CPU_REPACK         |                  181 =   181 +       0 +       0                |


[ Prompt: 303.8 t/s | Generation: 52.0 t/s ]",,True,False
0154,2026-03-25T20:07:00,"请判断以下任命证书文本是否符合中文表达逻辑，只回答'合理'或'不合理'，不要有其他内容。
证书文本：经董事会批准，任命王一为首席战略官，负责公司战略规划。",77,76,models\Qwen3.5-0.8B.Q4_K_M.gguf,build\bin\Release\local_llm.exe,64,ok,2.4044671058654785,0.008305307477712631,3.9990861415863037,580,192,0,build\bin\Release\local_llm.exe --simple-io -st --no-warmup -n 64 -m models\Qwen3.5-0.8B.Q4_K_M.gguf -f C:\Users\AJohn\AppData\Local\Temp\tmpsq5fhw45.txt,"证书文本：经董事会批准，任命王一为首席战略官，负责公司战略规划。

[Start thinking]

1.  **分析文本内容**：任命证书文本为“经董事会批准，任命王一为首席战略官，负责公司战略规划”。
2.  **识别关键信息**：
    *   主体/行动者：“经董事会批准”（需要董事会通过/决策）。
    *   llama_memory_breakdown_print: | memory breakdown [MiB] | total   free    self   model   context   compute    unaccounted |
llama_memory_breakdown_print: |   - Host               |                 4369 =   492 +    3091 +     786                |
llama_memory_breakdown_print: |   - CPU_REPACK         |                  181 =   181 +       0 +       0                |


[ Prompt: 310.3 t/s | Generation: 48.9 t/s ]",,True,False
0155,2026-03-25T20:07:04,"请判断以下任命证书文本是否符合中文表达逻辑，只回答'合理'或'不合理'，不要有其他内容。
证书文本：经培训部推荐，聘任毕七十九为培训讲师主管。",71,70,models\Qwen3.5-0.8B.Q4_K_M.gguf,build\bin\Release\local_llm.exe,64,ok,2.3501009941101074,0.008015245833295458,3.8569672107696533,564,188,0,build\bin\Release\local_llm.exe --simple-io -st --no-warmup -n 64 -m models\Qwen3.5-0.8B.Q4_K_M.gguf -f C:\Users\AJohn\AppData\Local\Temp\tmppd0i65g9.txt,"证书文本：经培训部推荐，聘任毕七十九为培训讲师主管。

[Start thinking]

让我分析这个任命证书文本是否符合中文表达逻辑：

1. 文本内容：""经培训部推荐，聘任毕七十九为培训讲师主管。""

2. 各个部分分析：
- ""经培训部推荐""：这是正确的中文表达，表示上级/领导推荐某人才
llama_memory_breakdown_print: | memory breakdown [MiB] | total   free    self   model   context   compute    unaccounted |
llama_memory_breakdown_print: |   - Host               |                 4369 =   492 +    3091 +     786                |
llama_memory_breakdown_print: |   - CPU_REPACK         |                  181 =   181 +       0 +       0                |


[ Prompt: 343.8 t/s | Generation: 55.2 t/s ]",,True,False
0156,2026-03-25T20:07:08,"请判断以下任命证书文本是否符合中文表达逻辑，只回答'合理'或'不合理'，不要有其他内容。
证书文本：任命严三十九为供应链总监，但供应链已外包。",71,70,models\Qwen3.5-0.8B.Q4_K_M.gguf,build\bin\Release\local_llm.exe,64,ok,2.5087037086486816,0.009541356817204902,4.302478790283203,573,188,0,build\bin\Release\local_llm.exe --simple-io -st --no-warmup -n 64 -m models\Qwen3.5-0.8B.Q4_K_M.gguf -f C:\Users\AJohn\AppData\Local\Temp\tmpsr0ietsf.txt,"证书文本：任命严三十九为供应链总监，但供应链已外包。

[Start thinking]

1.  **分析文本内容**：文本描述了一个任命情况——严三十九被任命为供应链总监，但同时又说供应链已经外包。
2.  **提取关键信息**：
    *   角色变更：严三十九（原来的员工）被任命为供应链总监。
    *llama_memory_breakdown_print: | memory breakdown [MiB] | total   free    self   model   context   compute    unaccounted |
llama_memory_breakdown_print: |   - Host               |                 4369 =   492 +    3091 +     786                |
llama_memory_breakdown_print: |   - CPU_REPACK         |                  181 =   181 +       0 +       0                |


[ Prompt: 230.7 t/s | Generation: 42.3 t/s ]",,False,False
0157,2026-03-25T20:07:13,"请判断以下任命证书文本是否符合中文表达逻辑，只回答'合理'或'不合理'，不要有其他内容。
证书文本：经安全委员会决议，聘任彭五十九为安全总监，但安全委员会已不存在。",82,81,models\Qwen3.5-0.8B.Q4_K_M.gguf,build\bin\Release\local_llm.exe,64,ok,2.3263020515441895,0.008046864195072905,3.8391125202178955,575,188,0,build\bin\Release\local_llm.exe --simple-io -st --no-warmup -n 64 -m models\Qwen3.5-0.8B.Q4_K_M.gguf -f C:\Users\AJohn\AppData\Local\Temp\tmpu_kicpmv.txt,"证书文本：经安全委员会决议，聘任彭五十九为安全总监，但安全委员会已不存在。

[Start thinking]

1. 首先，我需要根据中文语法规则对这段文本进行分析。
2. 文本包含两个关键信息：
   - 经过安全委员会决议
   - 聘任彭五十九为安全总监
   - 安全委员会已不存在
3. 在中文语境中，如果某llama_memory_breakdown_print: | memory breakdown [MiB] | total   free    self   model   context   compute    unaccounted |
llama_memory_breakdown_print: |   - Host               |                 4369 =   492 +    3091 +     786                |
llama_memory_breakdown_print: |   - CPU_REPACK         |                  181 =   181 +       0 +       0                |


[ Prompt: 316.5 t/s | Generation: 51.6 t/s ]",,False,False
0158,2026-03-25T20:07:16,"请判断以下任命证书文本是否符合中文表达逻辑，只回答'合理'或'不合理'，不要有其他内容。
证书文本：兹任命江九十二为标准化工程师主管，但标准化工作已停止。",77,76,models\Qwen3.5-0.8B.Q4_K_M.gguf,build\bin\Release\local_llm.exe,64,ok,2.3441975116729736,0.007108795352098418,3.8015005588531494,581,205,0,build\bin\Release\local_llm.exe --simple-io -st --no-warmup -n 64 -m models\Qwen3.5-0.8B.Q4_K_M.gguf -f C:\Users\AJohn\AppData\Local\Temp\tmpz3w4w0s6.txt,"证书文本：兹任命江九十二为标准化工程师主管，但标准化工作已停止。

[Start thinking]

我需要判断这份任命证书文本是否符合中文表达逻辑。

第一步：分析文本内容
文本内容是：'兹任命江九十二为标准化工程师主管，但标准化工作已停止。'

第二步：分析逻辑关系
1. 第一句话：“兹任命江九十二为标准化工程师主管” - llama_memory_breakdown_print: | memory breakdown [MiB] | total   free    self   model   context   compute    unaccounted |
llama_memory_breakdown_print: |   - Host               |                 4369 =   492 +    3091 +     786                |
llama_memory_breakdown_print: |   - CPU_REPACK         |                  181 =   181 +       0 +       0                |


[ Prompt: 307.7 t/s | Generation: 54.8 t/s ]",,False,False
0159,2026-03-25T20:07:20,"请判断以下任命证书文本是否符合中文表达逻辑，只回答'合理'或'不合理'，不要有其他内容。
证书文本：兹聘任吴八为首席架构师，但公司没有架构师岗位。",73,72,models\Qwen3.5-0.8B.Q4_K_M.gguf,build\bin\Release\local_llm.exe,64,ok,2.506035089492798,0.00795905651190342,4.058051109313965,574,195,0,build\bin\Release\local_llm.exe --simple-io -st --no-warmup -n 64 -m models\Qwen3.5-0.8B.Q4_K_M.gguf -f C:\Users\AJohn\AppData\Local\Temp\tmpm4lyvptl.txt,"证书文本：兹聘任吴八为首席架构师，但公司没有架构师岗位。

[Start thinking]

我需要判断这段任命证书文本是否符合中文表达逻辑。

让我分析这段文本：

1. ""兹聘任吴八为首席架构师"" - 这是一个正常的任命语句，使用了尊称和正式称谓

2. ""但公司没有架构师岗位"" - 这个""但""连接了两个意思，llama_memory_breakdown_print: | memory breakdown [MiB] | total   free    self   model   context   compute    unaccounted |
llama_memory_breakdown_print: |   - Host               |                 4369 =   492 +    3091 +     786                |
llama_memory_breakdown_print: |   - CPU_REPACK         |                  181 =   181 +       0 +       0                |


[ Prompt: 322.8 t/s | Generation: 50.4 t/s ]",,False,False
0160,2026-03-25T20:07:24,"请判断以下任命证书文本是否符合中文表达逻辑，只回答'合理'或'不合理'，不要有其他内容。
证书文本：兹任命廉七十二为后端开发经理，但后端团队已解散。",74,73,models\Qwen3.5-0.8B.Q4_K_M.gguf,build\bin\Release\local_llm.exe,64,ok,2.299774169921875,0.007590806306298099,3.825526237487793,576,201,0,build\bin\Release\local_llm.exe --simple-io -st --no-warmup -n 64 -m models\Qwen3.5-0.8B.Q4_K_M.gguf -f C:\Users\AJohn\AppData\Local\Temp\tmplme5fvom.txt,"证书文本：兹任命廉七十二为后端开发经理，但后端团队已解散。

[Start thinking]

我需要判断这个任命证书文本是否符合中文表达逻辑。

分析步骤：
1. 检查任命内容：任命一名""后端开发经理""
2. 检查实际情况：任命对象是""后端团队""
3. 检查逻辑冲突：一个人不能同时担任团队经理和团队负责人的职责（除非llama_memory_breakdown_print: | memory breakdown [MiB] | total   free    self   model   context   compute    unaccounted |
llama_memory_breakdown_print: |   - Host               |                 4369 =   492 +    3091 +     786                |
llama_memory_breakdown_print: |   - CPU_REPACK         |                  181 =   181 +       0 +       0                |


[ Prompt: 325.6 t/s | Generation: 53.3 t/s ]",,False,False
0161,2026-03-25T20:07:28,"请判断以下任命证书文本是否符合中文表达逻辑，只回答'合理'或'不合理'，不要有其他内容。
证书文本：兹任命顾九十六为检验室主任，但检验室已撤销。",72,71,models\Qwen3.5-0.8B.Q4_K_M.gguf,build\bin\Release\local_llm.exe,64,ok,2.315727949142456,0.008304675001847117,3.893616199493408,566,190,0,build\bin\Release\local_llm.exe --simple-io -st --no-warmup -n 64 -m models\Qwen3.5-0.8B.Q4_K_M.gguf -f C:\Users\AJohn\AppData\Local\Temp\tmp11uwz65i.txt,"证书文本：兹任命顾九十六为检验室主任，但检验室已撤销。

[Start thinking]

让我分析这个任命证书文本的逻辑：

1. 文本中明确提到""兹任命顾九十六为检验室主任""——这是任命行为本身

2. 但紧接着说""但检验室已撤销""——这是一个转折性的表述，表示检验室已经撤销了

3. 逻辑关系llama_memory_breakdown_print: | memory breakdown [MiB] | total   free    self   model   context   compute    unaccounted |
llama_memory_breakdown_print: |   - Host               |                 4369 =   492 +    3091 +     786                |
llama_memory_breakdown_print: |   - CPU_REPACK         |                  181 =   181 +       0 +       0                |


[ Prompt: 321.2 t/s | Generation: 49.5 t/s ]",,False,False
0162,2026-03-25T20:07:32,"请判断以下任命证书文本是否符合中文表达逻辑，只回答'合理'或'不合理'，不要有其他内容。
证书文本：任命傅八十六为法务专员主管，但法务专员已离职。",73,72,models\Qwen3.5-0.8B.Q4_K_M.gguf,build\bin\Release\local_llm.exe,64,ok,2.3764426708221436,0.007842586092326952,3.8194785118103027,563,184,0,build\bin\Release\local_llm.exe --simple-io -st --no-warmup -n 64 -m models\Qwen3.5-0.8B.Q4_K_M.gguf -f C:\Users\AJohn\AppData\Local\Temp\tmppbw03lyw.txt,"证书文本：任命傅八十六为法务专员主管，但法务专员已离职。

[Start thinking]

让我分析这个任命证书文本的逻辑问题：

1. 文本内容：任命傅八十六为法务专员主管，但法务专员已离职。

2. 逻辑检查：
- 前半部分：任命傅八十六为法务专员主管
- 后半部分：但法务专员已离职

llama_memory_breakdown_print: | memory breakdown [MiB] | total   free    self   model   context   compute    unaccounted |
llama_memory_breakdown_print: |   - Host               |                 4369 =   492 +    3091 +     786                |
llama_memory_breakdown_print: |   - CPU_REPACK         |                  181 =   181 +       0 +       0                |


[ Prompt: 339.5 t/s | Generation: 55.1 t/s ]",,False,False
0163,2026-03-25T20:07:36,"请判断以下任命证书文本是否符合中文表达逻辑，只回答'合理'或'不合理'，不要有其他内容。
证书文本：任命严三十九为供应链总监，优化供应链流程。",71,70,models\Qwen3.5-0.8B.Q4_K_M.gguf,build\bin\Release\local_llm.exe,64,ok,2.4500160217285156,0.008011862228476937,3.916186809539795,566,183,0,build\bin\Release\local_llm.exe --simple-io -st --no-warmup -n 64 -m models\Qwen3.5-0.8B.Q4_K_M.gguf -f C:\Users\AJohn\AppData\Local\Temp\tmpjhw6f75o.txt,"证书文本：任命严三十九为供应链总监，优化供应链流程。

[Start thinking]

让我分析这个任命证书文本：

1. 文本内容：任命严三十九为供应链总监，优化供应链流程。

2. 分析步骤：
   - 检查是否有明确的任命主体（谁被任命为谁）
   - 检查是否有明确的任命对象（谁被任命为谁llama_memory_breakdown_print: | memory breakdown [MiB] | total   free    self   model   context   compute    unaccounted |
llama_memory_breakdown_print: |   - Host               |                 4369 =   492 +    3091 +     786                |
llama_memory_breakdown_print: |   - CPU_REPACK         |                  181 =   181 +       0 +       0                |


[ Prompt: 312.0 t/s | Generation: 54.4 t/s ]",,True,False
0164,2026-03-25T20:07:40,"请判断以下任命证书文本是否符合中文表达逻辑，只回答'合理'或'不合理'，不要有其他内容。
证书文本：聘任尤三十一为研发部副经理，任期一年，但研发部已解散。",77,76,models\Qwen3.5-0.8B.Q4_K_M.gguf,build\bin\Release\local_llm.exe,64,ok,2.5113861560821533,0.008218183015522204,4.072840929031372,570,190,0,build\bin\Release\local_llm.exe --simple-io -st --no-warmup -n 64 -m models\Qwen3.5-0.8B.Q4_K_M.gguf -f C:\Users\AJohn\AppData\Local\Temp\tmpryg8lf1t.txt,"证书文本：聘任尤三十一为研发部副经理，任期一年，但研发部已解散。

[Start thinking]

让我逐步分析任命证书文本的逻辑：

1. 首先需要确定""尤三十一""的身份
   - 姓名是""尤三十一""，这是一个具体的、可识别的姓名
   - 在任命证书中，该人员作为""研发部副经理""，说明该人员确实存在并llama_memory_breakdown_print: | memory breakdown [MiB] | total   free    self   model   context   compute    unaccounted |
llama_memory_breakdown_print: |   - Host               |                 4369 =   492 +    3091 +     786                |
llama_memory_breakdown_print: |   - CPU_REPACK         |                  181 =   181 +       0 +       0                |


[ Prompt: 304.4 t/s | Generation: 50.7 t/s ]",,False,False
0165,2026-03-25T20:07:44,"请判断以下任命证书文本是否符合中文表达逻辑，只回答'合理'或'不合理'，不要有其他内容。
证书文本：任命许三十二为客服中心经理，但客服中心外包。",72,71,models\Qwen3.5-0.8B.Q4_K_M.gguf,build\bin\Release\local_llm.exe,64,ok,2.3079705238342285,0.00803182099727874,3.817952871322632,571,188,0,build\bin\Release\local_llm.exe --simple-io -st --no-warmup -n 64 -m models\Qwen3.5-0.8B.Q4_K_M.gguf -f C:\Users\AJohn\AppData\Local\Temp\tmp5ilaiga6.txt,"证书文本：任命许三十二为客服中心经理，但客服中心外包。

[Start thinking]

# 分析请求

## 分析任务
判断任命证书文本是否符合中文表达逻辑，只回答'合理'或'不合理'，不要有其他内容。

## 文本内容
""任命许三十二为客服中心经理，但客服中心外包。""

## 分析步骤

### 1. llama_memory_breakdown_print: | memory breakdown [MiB] | total   free    self   model   context   compute    unaccounted |
llama_memory_breakdown_print: |   - Host               |                 4369 =   492 +    3091 +     786                |
llama_memory_breakdown_print: |   - CPU_REPACK         |                  181 =   181 +       0 +       0                |


[ Prompt: 331.0 t/s | Generation: 52.2 t/s ]",,False,False
0166,2026-03-25T20:07:48,"请判断以下任命证书文本是否符合中文表达逻辑，只回答'合理'或'不合理'，不要有其他内容。
证书文本：兹任命秦三十为华东大区销售总监，但华东大区业务已关闭。",77,76,models\Qwen3.5-0.8B.Q4_K_M.gguf,build\bin\Release\local_llm.exe,64,ok,2.5466134548187256,0.010454825635226268,4.208930730819702,651,159,0,build\bin\Release\local_llm.exe --simple-io -st --no-warmup -n 64 -m models\Qwen3.5-0.8B.Q4_K_M.gguf -f C:\Users\AJohn\AppData\Local\Temp\tmptikmuo63.txt,"证书文本：兹任命秦三十为华东大区销售总监，但华东大区业务已关闭。

[Start thinking]

Let me analyze this Chinese text step by step:

1. First, I'll identify the key elements of the certificate:
- 任命 (appointment/decision)
- 秦三十 (Qin Shizuo)
- 为 (as/won to)
- 华东大区销售总监 (llama_memory_breakdown_print: | memory breakdown [MiB] | total   free    self   model   context   compute    unaccounted |
llama_memory_breakdown_print: |   - Host               |                 4369 =   492 +    3091 +     786                |
llama_memory_breakdown_print: |   - CPU_REPACK         |                  181 =   181 +       0 +       0                |


[ Prompt: 348.2 t/s | Generation: 46.8 t/s ]",,False,False
0167,2026-03-25T20:07:52,"请判断以下任命证书文本是否符合中文表达逻辑，只回答'合理'或'不合理'，不要有其他内容。
证书文本：任命郑九为人力资源总监，自即日起执行。",69,68,models\Qwen3.5-0.8B.Q4_K_M.gguf,build\bin\Release\local_llm.exe,64,ok,2.389039993286133,0.008189816223947625,3.9451050758361816,567,190,0,build\bin\Release\local_llm.exe --simple-io -st --no-warmup -n 64 -m models\Qwen3.5-0.8B.Q4_K_M.gguf -f C:\Users\AJohn\AppData\Local\Temp\tmpjcsm40if.txt,"证书文本：任命郑九为人力资源总监，自即日起执行。

[Start thinking]

我需要判断这个任命证书文本是否符合中文表达逻辑。

首先，分析文本内容：""任命郑九为人力资源总监，自即日起执行。""

关键部分分析：
1. ""任命"" - 这是动词，表示任命、授予职位，符合任命证书的格式
2. ""郑九llama_memory_breakdown_print: | memory breakdown [MiB] | total   free    self   model   context   compute    unaccounted |
llama_memory_breakdown_print: |   - Host               |                 4369 =   492 +    3091 +     786                |
llama_memory_breakdown_print: |   - CPU_REPACK         |                  181 =   181 +       0 +       0                |


[ Prompt: 316.5 t/s | Generation: 50.3 t/s ]",,True,False
0168,2026-03-25T20:07:56,"请判断以下任命证书文本是否符合中文表达逻辑，只回答'合理'或'不合理'，不要有其他内容。
证书文本：任命唐七十为前端开发经理。",63,62,models\Qwen3.5-0.8B.Q4_K_M.gguf,build\bin\Release\local_llm.exe,64,ok,2.336773633956909,0.008588847659883044,3.9600658416748047,568,189,0,build\bin\Release\local_llm.exe --simple-io -st --no-warmup -n 64 -m models\Qwen3.5-0.8B.Q4_K_M.gguf -f C:\Users\AJohn\AppData\Local\Temp\tmp1gf7kk20.txt,"证书文本：任命唐七十为前端开发经理。

[Start thinking]

我需要分析这个任命证书文本是否符合中文表达逻辑。

这个文本是：""任命唐七十为前端开发经理。""

让我逐一分析其中的中文表达逻辑：

1. ""任命"" - 这个动词本身是中文中用来表示""任命某人担任职务""的，本身没有问题

2. ""llama_memory_breakdown_print: | memory breakdown [MiB] | total   free    self   model   context   compute    unaccounted |
llama_memory_breakdown_print: |   - Host               |                 4369 =   492 +    3091 +     786                |
llama_memory_breakdown_print: |   - CPU_REPACK         |                  181 =   181 +       0 +       0                |


[ Prompt: 360.0 t/s | Generation: 47.5 t/s ]",,True,False
0169,2026-03-25T20:08:00,"请判断以下任命证书文本是否符合中文表达逻辑，只回答'合理'或'不合理'，不要有其他内容。
证书文本：经公司决定，聘任陶四十三为董事会秘书。",69,68,models\Qwen3.5-0.8B.Q4_K_M.gguf,build\bin\Release\local_llm.exe,64,ok,2.489516258239746,0.007399222207447839,3.8879692554473877,567,189,0,build\bin\Release\local_llm.exe --simple-io -st --no-warmup -n 64 -m models\Qwen3.5-0.8B.Q4_K_M.gguf -f C:\Users\AJohn\AppData\Local\Temp\tmpfd2dbsub.txt,"证书文本：经公司决定，聘任陶四十三为董事会秘书。

[Start thinking]

我需要判断这个任命证书文本是否符合中文表达逻辑。

让我分析一下这个文本：
1. 核心信息：陶四十三被聘任为董事会秘书
2. 修饰语：经公司决定（表示是公司的决定，合理）

检查逻辑：
- 任命行为：公司决定聘任 →llama_memory_breakdown_print: | memory breakdown [MiB] | total   free    self   model   context   compute    unaccounted |
llama_memory_breakdown_print: |   - Host               |                 4369 =   492 +    3091 +     786                |
llama_memory_breakdown_print: |   - CPU_REPACK         |                  181 =   181 +       0 +       0                |


[ Prompt: 336.2 t/s | Generation: 56.4 t/s ]",,True,True
0170,2026-03-25T20:08:04,"请判断以下任命证书文本是否符合中文表达逻辑，只回答'合理'或'不合理'，不要有其他内容。
证书文本：聘任曹三十八为生产厂长，但工厂已停工。",69,68,models\Qwen3.5-0.8B.Q4_K_M.gguf,build\bin\Release\local_llm.exe,64,ok,2.307032585144043,0.008760708004402715,3.875199317932129,567,179,0,build\bin\Release\local_llm.exe --simple-io -st --no-warmup -n 64 -m models\Qwen3.5-0.8B.Q4_K_M.gguf -f C:\Users\AJohn\AppData\Local\Temp\tmpfk66toly.txt,"证书文本：聘任曹三十八为生产厂长，但工厂已停工。

[Start thinking]

让我分析这个任命证书文本是否符合中文表达逻辑：

1. 文本内容：聘任曹三十八为生产厂长，但工厂已停工。

2. 分析步骤：
   - 任命内容是授予曹三十八担任生产厂长
   - 工厂已经停工
   - 这两个陈述llama_memory_breakdown_print: | memory breakdown [MiB] | total   free    self   model   context   compute    unaccounted |
llama_memory_breakdown_print: |   - Host               |                 4369 =   492 +    3091 +     786                |
llama_memory_breakdown_print: |   - CPU_REPACK         |                  181 =   181 +       0 +       0                |


[ Prompt: 339.3 t/s | Generation: 49.4 t/s ]",,False,False
0171,2026-03-25T20:08:08,"请判断以下任命证书文本是否符合中文表达逻辑，只回答'合理'或'不合理'，不要有其他内容。
证书文本：聘任魏二十二为首席数据官，负责数据治理。",70,69,models\Qwen3.5-0.8B.Q4_K_M.gguf,build\bin\Release\local_llm.exe,64,ok,2.3330607414245605,0.007945209741592407,3.922102689743042,574,200,0,build\bin\Release\local_llm.exe --simple-io -st --no-warmup -n 64 -m models\Qwen3.5-0.8B.Q4_K_M.gguf -f C:\Users\AJohn\AppData\Local\Temp\tmplrd6ikwk.txt,"证书文本：聘任魏二十二为首席数据官，负责数据治理。

[Start thinking]

我需要判断这个任命证书文本是否符合中文表达逻辑。

让我分析一下这个文本：

1. ""聘任魏二十二为首席数据官"" - 这是正确的任命语，""聘任""是任命官员的常用动词，""魏二十二""是具体的职位名称，""首席数据官""是中文中对首席数据llama_memory_breakdown_print: | memory breakdown [MiB] | total   free    self   model   context   compute    unaccounted |
llama_memory_breakdown_print: |   - Host               |                 4369 =   492 +    3091 +     786                |
llama_memory_breakdown_print: |   - CPU_REPACK         |                  181 =   181 +       0 +       0                |


[ Prompt: 292.5 t/s | Generation: 49.6 t/s ]",,True,False
0172,2026-03-25T20:08:12,"请判断以下任命证书文本是否符合中文表达逻辑，只回答'合理'或'不合理'，不要有其他内容。
证书文本：任命许三十二为客服中心经理，负责客户服务。",71,70,models\Qwen3.5-0.8B.Q4_K_M.gguf,build\bin\Release\local_llm.exe,64,ok,2.335190534591675,0.007507052097020973,3.7690374851226807,568,191,0,build\bin\Release\local_llm.exe --simple-io -st --no-warmup -n 64 -m models\Qwen3.5-0.8B.Q4_K_M.gguf -f C:\Users\AJohn\AppData\Local\Temp\tmpotjjb43e.txt,"证书文本：任命许三十二为客服中心经理，负责客户服务。

[Start thinking]

需要分析该任命证书文本是否符合中文表达逻辑。

1. 分析文本：任命许三十二为客服中心经理，负责客户服务。

2. 检查逻辑合理性：
- 任命主体：许三十二作为被任命人，符合中文任命语法规则
- 职位：客服中心经理llama_memory_breakdown_print: | memory breakdown [MiB] | total   free    self   model   context   compute    unaccounted |
llama_memory_breakdown_print: |   - Host               |                 4369 =   492 +    3091 +     786                |
llama_memory_breakdown_print: |   - CPU_REPACK         |                  181 =   181 +       0 +       0                |


[ Prompt: 334.2 t/s | Generation: 55.8 t/s ]",,True,True
0173,2026-03-25T20:08:15,"请判断以下任命证书文本是否符合中文表达逻辑，只回答'合理'或'不合理'，不要有其他内容。
证书文本：经公司董事会研究决定，任命张三为技术部经理，自2025年1月1日起生效，但张三昨天已离职。",95,91,models\Qwen3.5-0.8B.Q4_K_M.gguf,build\bin\Release\local_llm.exe,64,ok,2.546873092651367,0.007213409396185391,4.040048837661743,591,207,0,build\bin\Release\local_llm.exe --simple-io -st --no-warmup -n 64 -m models\Qwen3.5-0.8B.Q4_K_M.gguf -f C:\Users\AJohn\AppData\Local\Temp\tmppam6sygs.txt,"证书文本：经公司董事会研究决定，任命张三为技术部经理，自2025年1月1日起生效，但张三昨天已离职。

[Start thinking]

我需要判断这个任命证书文本是否符合中文表达逻辑。

这个文本是：
""经董事会研究决定，任命张三为技术部经理，自 2025 年 1 月 1 日起生效，但张三昨天已离职。""

让我分析一下其中的逻辑关系和表达流畅度：llama_memory_breakdown_print: | memory breakdown [MiB] | total   free    self   model   context   compute    unaccounted |
llama_memory_breakdown_print: |   - Host               |                 4369 =   492 +    3091 +     786                |
llama_memory_breakdown_print: |   - CPU_REPACK         |                  181 =   181 +       0 +       0                |


[ Prompt: 367.7 t/s | Generation: 52.6 t/s ]",,False,False
0174,2026-03-25T20:08:19,"请判断以下任命证书文本是否符合中文表达逻辑，只回答'合理'或'不合理'，不要有其他内容。
证书文本：经董事会提名，聘任朱二十九为公司副总裁，但朱二十九年龄超限。",80,79,models\Qwen3.5-0.8B.Q4_K_M.gguf,build\bin\Release\local_llm.exe,64,ok,2.400580644607544,0.007199007272720337,3.8403820991516113,576,200,0,build\bin\Release\local_llm.exe --simple-io -st --no-warmup -n 64 -m models\Qwen3.5-0.8B.Q4_K_M.gguf -f C:\Users\AJohn\AppData\Local\Temp\tmpb85jd0cl.txt,"证书文本：经董事会提名，聘任朱二十九为公司副总裁，但朱二十九年龄超限。

[Start thinking]

1. 首先分析中文表达逻辑的基本原则：
- 职务任命需要明确的提名来源和聘任主体
- 职务名称通常使用标准称呼，如“副总裁”而非“张二十九副总裁”
- 年龄限制属于审批权限，应当表述为“因年龄原因”或类似表述
2llama_memory_breakdown_print: | memory breakdown [MiB] | total   free    self   model   context   compute    unaccounted |
llama_memory_breakdown_print: |   - Host               |                 4369 =   492 +    3091 +     786                |
llama_memory_breakdown_print: |   - CPU_REPACK         |                  181 =   181 +       0 +       0                |


[ Prompt: 325.2 t/s | Generation: 57.0 t/s ]",,False,False
0175,2026-03-25T20:08:23,"请判断以下任命证书文本是否符合中文表达逻辑，只回答'合理'或'不合理'，不要有其他内容。
证书文本：任命袁六十六为商务拓展经理，但袁六十六无商务经验。",75,74,models\Qwen3.5-0.8B.Q4_K_M.gguf,build\bin\Release\local_llm.exe,64,ok,2.3665215969085693,0.007532957241619904,3.8505141735076904,571,197,0,build\bin\Release\local_llm.exe --simple-io -st --no-warmup -n 64 -m models\Qwen3.5-0.8B.Q4_K_M.gguf -f C:\Users\AJohn\AppData\Local\Temp\tmp0rrvodpf.txt,"证书文本：任命袁六十六为商务拓展经理，但袁六十六无商务经验。

[Start thinking]

让我分析这个任命证书文本的逻辑：

1. 文本内容：任命袁六十六为商务拓展经理
2. 关键信息：袁六十六无商务经验
3. 逻辑关系：任命某人当""商务拓展经理""的前提是此人应该具备相应的商业、营销、客户关系管理等""llama_memory_breakdown_print: | memory breakdown [MiB] | total   free    self   model   context   compute    unaccounted |
llama_memory_breakdown_print: |   - Host               |                 4369 =   492 +    3091 +     786                |
llama_memory_breakdown_print: |   - CPU_REPACK         |                  181 =   181 +       0 +       0                |


[ Prompt: 345.2 t/s | Generation: 53.4 t/s ]",,False,False
0176,2026-03-25T20:08:27,"请判断以下任命证书文本是否符合中文表达逻辑，只回答'合理'或'不合理'，不要有其他内容。
证书文本：兹任命乐八十四为档案室主任，但档案室已撤销。",72,71,models\Qwen3.5-0.8B.Q4_K_M.gguf,build\bin\Release\local_llm.exe,64,ok,2.352478265762329,0.008285775113461622,4.017919063568115,578,201,0,build\bin\Release\local_llm.exe --simple-io -st --no-warmup -n 64 -m models\Qwen3.5-0.8B.Q4_K_M.gguf -f C:\Users\AJohn\AppData\Local\Temp\tmpgz24hqy_.txt,"证书文本：兹任命乐八十四为档案室主任，但档案室已撤销。

[Start thinking]

我需要判断这个任命证书文本是否符合中文表达逻辑。

首先，让我分析这个文本的内容：
- 任命内容为：任命乐八十四为档案室主任
- 但实际状况：档案室已撤销

接下来，我需要判断这个表述是否有逻辑问题或不符合中文表达习惯。

分析步骤llama_memory_breakdown_print: | memory breakdown [MiB] | total   free    self   model   context   compute    unaccounted |
llama_memory_breakdown_print: |   - Host               |                 4369 =   492 +    3091 +     786                |
llama_memory_breakdown_print: |   - CPU_REPACK         |                  181 =   181 +       0 +       0                |


[ Prompt: 337.3 t/s | Generation: 47.4 t/s ]",,False,False
0177,2026-03-25T20:08:31,"请判断以下任命证书文本是否符合中文表达逻辑，只回答'合理'或'不合理'，不要有其他内容。
证书文本：兹任命李四担任销售总监，同时解除其销售总监职务。",74,73,models\Qwen3.5-0.8B.Q4_K_M.gguf,build\bin\Release\local_llm.exe,64,ok,2.3731586933135986,0.007890497826780949,3.8802437782287598,568,191,0,build\bin\Release\local_llm.exe --simple-io -st --no-warmup -n 64 -m models\Qwen3.5-0.8B.Q4_K_M.gguf -f C:\Users\AJohn\AppData\Local\Temp\tmp9j211vab.txt,"证书文本：兹任命李四担任销售总监，同时解除其销售总监职务。

[Start thinking]

让我分析这个任命证书文本的逻辑合理性：

1. 文本内容：""兹任命李四担任销售总监，同时解除其销售总监职务""

2. 逻辑分析：
- 第一项：""兹任命李四担任销售总监"" - 这是任命行为，李四被任命为销售总监llama_memory_breakdown_print: | memory breakdown [MiB] | total   free    self   model   context   compute    unaccounted |
llama_memory_breakdown_print: |   - Host               |                 4369 =   492 +    3091 +     786                |
llama_memory_breakdown_print: |   - CPU_REPACK         |                  181 =   181 +       0 +       0                |


[ Prompt: 332.1 t/s | Generation: 52.3 t/s ]",,False,True
0178,2026-03-25T20:08:35,"请判断以下任命证书文本是否符合中文表达逻辑，只回答'合理'或'不合理'，不要有其他内容。
证书文本：经培训部推荐，聘任毕七十九为培训讲师主管，但培训部已撤销。",79,78,models\Qwen3.5-0.8B.Q4_K_M.gguf,build\bin\Release\local_llm.exe,64,ok,2.249258041381836,0.007148769033614115,3.671863079071045,573,199,0,build\bin\Release\local_llm.exe --simple-io -st --no-warmup -n 64 -m models\Qwen3.5-0.8B.Q4_K_M.gguf -f C:\Users\AJohn\AppData\Local\Temp\tmp0h_w4xfr.txt,"证书文本：经培训部推荐，聘任毕七十九为培训讲师主管，但培训部已撤销。

[Start thinking]

我需要分析任命证书文本的逻辑矛盾。

1. 首先看任命内容：文本中明确提到“聘任毕七十九为培训讲师主管”。
2. 接下来看撤销内容：文本中又提到“但培训部已撤销”。
3. 这里存在一个明显的逻辑关系问题：如果llama_memory_breakdown_print: | memory breakdown [MiB] | total   free    self   model   context   compute    unaccounted |
llama_memory_breakdown_print: |   - Host               |                 4369 =   492 +    3091 +     786                |
llama_memory_breakdown_print: |   - CPU_REPACK         |                  181 =   181 +       0 +       0                |


[ Prompt: 342.6 t/s | Generation: 55.7 t/s ]",,False,False
0179,2026-03-25T20:08:39,"请判断以下任命证书文本是否符合中文表达逻辑，只回答'合理'或'不合理'，不要有其他内容。
证书文本：任命魏四十二为西北区域经理，自2025年5月1日生效，但魏四十二已离职。",86,82,models\Qwen3.5-0.8B.Q4_K_M.gguf,build\bin\Release\local_llm.exe,64,ok,2.3189496994018555,0.007166292461646995,3.7307093143463135,573,197,0,build\bin\Release\local_llm.exe --simple-io -st --no-warmup -n 64 -m models\Qwen3.5-0.8B.Q4_K_M.gguf -f C:\Users\AJohn\AppData\Local\Temp\tmpdgfc_x0p.txt,"证书文本：任命魏四十二为西北区域经理，自2025年5月1日生效，但魏四十二已离职。

[Start thinking]

1. 首先，我需要理解任务：请判断以下任命证书文本是否符合中文表达逻辑，只回答'合理'或'不合理'，不要有其他内容。
2. 分析文本内容：任命魏四十二为西北区域经理，自2025年5月1日生效，但llama_memory_breakdown_print: | memory breakdown [MiB] | total   free    self   model   context   compute    unaccounted |
llama_memory_breakdown_print: |   - Host               |                 4369 =   492 +    3091 +     786                |
llama_memory_breakdown_print: |   - CPU_REPACK         |                  181 =   181 +       0 +       0                |


[ Prompt: 340.3 t/s | Generation: 56.0 t/s ]",,False,False
0180,2026-03-25T20:08:42,"请判断以下任命证书文本是否符合中文表达逻辑，只回答'合理'或'不合理'，不要有其他内容。
证书文本：经技术委员会决议，聘任柳六十七为研发架构师，但技术委员会已撤销。",82,81,models\Qwen3.5-0.8B.Q4_K_M.gguf,build\bin\Release\local_llm.exe,64,ok,2.356447219848633,0.00814710849176639,3.8962507247924805,582,189,0,build\bin\Release\local_llm.exe --simple-io -st --no-warmup -n 64 -m models\Qwen3.5-0.8B.Q4_K_M.gguf -f C:\Users\AJohn\AppData\Local\Temp\tmp1nv2s9sj.txt,"证书文本：经技术委员会决议，聘任柳六十七为研发架构师，但技术委员会已撤销。

[Start thinking]

1.  **分析文本内容**：
    *   前半部分：“经技术委员会决议，聘任柳六十七为研发架构师”。
    *   后半部分：“但技术委员会已撤销。”
    *   逻辑关系：这是一个典型的“先做后改”的转折，llama_memory_breakdown_print: | memory breakdown [MiB] | total   free    self   model   context   compute    unaccounted |
llama_memory_breakdown_print: |   - Host               |                 4369 =   492 +    3091 +     786                |
llama_memory_breakdown_print: |   - CPU_REPACK         |                  181 =   181 +       0 +       0                |


[ Prompt: 371.2 t/s | Generation: 53.2 t/s ]",,False,False
0181,2026-03-25T20:08:46,"请判断以下任命证书文本是否符合中文表达逻辑，只回答'合理'或'不合理'，不要有其他内容。
证书文本：兹聘任吕三十四为首席财务官，全面负责财务工作。",73,72,models\Qwen3.5-0.8B.Q4_K_M.gguf,build\bin\Release\local_llm.exe,64,ok,2.3197784423828125,0.008095656554711046,3.9146227836608887,569,197,0,build\bin\Release\local_llm.exe --simple-io -st --no-warmup -n 64 -m models\Qwen3.5-0.8B.Q4_K_M.gguf -f C:\Users\AJohn\AppData\Local\Temp\tmp37t4rau2.txt,"证书文本：兹聘任吕三十四为首席财务官，全面负责财务工作。

[Start thinking]

1.  **分析文本内容**：文本中包含了任命（聘任）身份和职责两个关键信息。
2.  **检查逻辑关系**：任命“吕三十四”为“首席财务官”，意味着此人担任此职务。职责是“全面负责财务工作”，意味着该职位的职能llama_memory_breakdown_print: | memory breakdown [MiB] | total   free    self   model   context   compute    unaccounted |
llama_memory_breakdown_print: |   - Host               |                 4369 =   492 +    3091 +     786                |
llama_memory_breakdown_print: |   - CPU_REPACK         |                  181 =   181 +       0 +       0                |


[ Prompt: 316.7 t/s | Generation: 50.3 t/s ]",,True,False
0182,2026-03-25T20:08:50,"请判断以下任命证书文本是否符合中文表达逻辑，只回答'合理'或'不合理'，不要有其他内容。
证书文本：经绩效考评，晋升沈二十六为高级技术专家，但沈二十六的绩效不合格。",82,81,models\Qwen3.5-0.8B.Q4_K_M.gguf,build\bin\Release\local_llm.exe,64,ok,2.2543704509735107,0.008375376941048526,3.820565938949585,665,187,0,build\bin\Release\local_llm.exe --simple-io -st --no-warmup -n 64 -m models\Qwen3.5-0.8B.Q4_K_M.gguf -f C:\Users\AJohn\AppData\Local\Temp\tmp5qnpx23k.txt,"证书文本：经绩效考评，晋升沈二十六为高级技术专家，但沈二十六的绩效不合格。

[Start thinking]

Let me analyze this text step by step:

1. **What the text says:** ""经绩效考评，晋升沈二十六为高级技术专家，但沈二十六的绩效不合格。""

2. **Breaking down the meaning:**
- ""经绩效考评"" = After performing performance appraisal
- ""晋升llama_memory_breakdown_print: | memory breakdown [MiB] | total   free    self   model   context   compute    unaccounted |
llama_memory_breakdown_print: |   - Host               |                 4369 =   492 +    3091 +     786                |
llama_memory_breakdown_print: |   - CPU_REPACK         |                  181 =   181 +       0 +       0                |


[ Prompt: 326.3 t/s | Generation: 51.0 t/s ]",,False,False
0183,2026-03-25T20:08:54,"请判断以下任命证书文本是否符合中文表达逻辑，只回答'合理'或'不合理'，不要有其他内容。
证书文本：任命傅八十六为法务专员主管。",64,63,models\Qwen3.5-0.8B.Q4_K_M.gguf,build\bin\Release\local_llm.exe,64,ok,2.2941014766693115,0.009011766366791307,3.835113525390625,563,171,0,build\bin\Release\local_llm.exe --simple-io -st --no-warmup -n 64 -m models\Qwen3.5-0.8B.Q4_K_M.gguf -f C:\Users\AJohn\AppData\Local\Temp\tmp55sm4m7f.txt,"证书文本：任命傅八十六为法务专员主管。

[Start thinking]

1.  **分析文本内容**：“任命傅八十六为法务专员主管。”
2.  **拆解关键信息**：
    *   **动作**：任命（将某人从上级或职位中提拔出来担任）。
    *   **人名**：傅八十六。
   llama_memory_breakdown_print: | memory breakdown [MiB] | total   free    self   model   context   compute    unaccounted |
llama_memory_breakdown_print: |   - Host               |                 4369 =   492 +    3091 +     786                |
llama_memory_breakdown_print: |   - CPU_REPACK         |                  181 =   181 +       0 +       0                |


[ Prompt: 301.9 t/s | Generation: 51.2 t/s ]",,True,False
0184,2026-03-25T20:08:58,"请判断以下任命证书文本是否符合中文表达逻辑，只回答'合理'或'不合理'，不要有其他内容。
证书文本：聘任王五为财务总监，任期三年，但财务总监岗位已撤销。",76,75,models\Qwen3.5-0.8B.Q4_K_M.gguf,build\bin\Release\local_llm.exe,64,ok,2.3473923206329346,0.0077339646650508125,3.7936437129974365,567,187,0,build\bin\Release\local_llm.exe --simple-io -st --no-warmup -n 64 -m models\Qwen3.5-0.8B.Q4_K_M.gguf -f C:\Users\AJohn\AppData\Local\Temp\tmpgx7mjhit.txt,"证书文本：聘任王五为财务总监，任期三年，但财务总监岗位已撤销。

[Start thinking]

让我分析这个任命证书文本的逻辑：

1. 任命主体：聘任王五为财务总监
2. 任命内容：聘任王五为财务总监
3. 任期：三年
4. 关键问题：任期届满后，财务总监岗位已撤销

逻辑分析：
- 任命：聘任llama_memory_breakdown_print: | memory breakdown [MiB] | total   free    self   model   context   compute    unaccounted |
llama_memory_breakdown_print: |   - Host               |                 4369 =   492 +    3091 +     786                |
llama_memory_breakdown_print: |   - CPU_REPACK         |                  181 =   181 +       0 +       0                |


[ Prompt: 322.2 t/s | Generation: 54.2 t/s ]",,False,False
0185,2026-03-25T20:09:02,"请判断以下任命证书文本是否符合中文表达逻辑，只回答'合理'或'不合理'，不要有其他内容。
证书文本：聘任柏四十九为战略发展部总监，任期三年，但战略发展部已撤销。",80,79,models\Qwen3.5-0.8B.Q4_K_M.gguf,build\bin\Release\local_llm.exe,64,ok,2.3710572719573975,0.007923970247972457,3.852839708328247,572,187,0,build\bin\Release\local_llm.exe --simple-io -st --no-warmup -n 64 -m models\Qwen3.5-0.8B.Q4_K_M.gguf -f C:\Users\AJohn\AppData\Local\Temp\tmpoidypam4.txt,"证书文本：聘任柏四十九为战略发展部总监，任期三年，但战略发展部已撤销。

[Start thinking]

让我分析这个任命证书文本：

1. **头衔冲突问题**：
   - 文本中称""柏四十九""为""战略发展部总监""（战略发展部总监）
   - 但任命事由说明""战略发展部已撤销""
   - 这里存在明显的称谓llama_memory_breakdown_print: | memory breakdown [MiB] | total   free    self   model   context   compute    unaccounted |
llama_memory_breakdown_print: |   - Host               |                 4369 =   492 +    3091 +     786                |
llama_memory_breakdown_print: |   - CPU_REPACK         |                  181 =   181 +       0 +       0                |


[ Prompt: 318.3 t/s | Generation: 53.2 t/s ]",,False,False
0186,2026-03-25T20:09:06,"请判断以下任命证书文本是否符合中文表达逻辑，只回答'合理'或'不合理'，不要有其他内容。
证书文本：经技术委员会决议，聘任柳六十七为研发架构师。",72,71,models\Qwen3.5-0.8B.Q4_K_M.gguf,build\bin\Release\local_llm.exe,64,ok,2.4011504650115967,0.008147893413420646,3.916658639907837,566,186,0,build\bin\Release\local_llm.exe --simple-io -st --no-warmup -n 64 -m models\Qwen3.5-0.8B.Q4_K_M.gguf -f C:\Users\AJohn\AppData\Local\Temp\tmpu6uof9lj.txt,"证书文本：经技术委员会决议，聘任柳六十七为研发架构师。

[Start thinking]

我需要判断这个任命证书文本是否符合中文表达逻辑。

首先，分析文本内容：
""经技术委员会决议，聘任柳六十七为研发架构师。""

逐词拆解：
1. ""经"" - 表示经过、由
2. ""技术委员会"" - 技术委员会，llama_memory_breakdown_print: | memory breakdown [MiB] | total   free    self   model   context   compute    unaccounted |
llama_memory_breakdown_print: |   - Host               |                 4369 =   492 +    3091 +     786                |
llama_memory_breakdown_print: |   - CPU_REPACK         |                  181 =   181 +       0 +       0                |


[ Prompt: 304.1 t/s | Generation: 51.7 t/s ]",,True,False
0187,2026-03-25T20:09:09,"请判断以下任命证书文本是否符合中文表达逻辑，只回答'合理'或'不合理'，不要有其他内容。
证书文本：任命饶九十四为实验室主任。",63,62,models\Qwen3.5-0.8B.Q4_K_M.gguf,build\bin\Release\local_llm.exe,64,ok,2.327073574066162,0.00867287143246158,3.90553617477417,559,182,0,build\bin\Release\local_llm.exe --simple-io -st --no-warmup -n 64 -m models\Qwen3.5-0.8B.Q4_K_M.gguf -f C:\Users\AJohn\AppData\Local\Temp\tmp42qpfln4.txt,"证书文本：任命饶九十四为实验室主任。

[Start thinking]

让我分析这个任命证书文本的逻辑：

1. 文本内容是：“任命饶九十四为实验室主任”

2. 检查逻辑一致性：
- 这是一个正式的任命通知形式
- 形式上正确：用“任命”作为动词，说明这是对特定人（饶九十四）的任命llama_memory_breakdown_print: | memory breakdown [MiB] | total   free    self   model   context   compute    unaccounted |
llama_memory_breakdown_print: |   - Host               |                 4369 =   492 +    3091 +     786                |
llama_memory_breakdown_print: |   - CPU_REPACK         |                  181 =   181 +       0 +       0                |


[ Prompt: 295.6 t/s | Generation: 49.7 t/s ]",,True,False
0188,2026-03-25T20:09:13,"请判断以下任命证书文本是否符合中文表达逻辑，只回答'合理'或'不合理'，不要有其他内容。
证书文本：聘任云五十三为首席信息官，但公司无信息系统。",72,71,models\Qwen3.5-0.8B.Q4_K_M.gguf,build\bin\Release\local_llm.exe,64,ok,2.4006946086883545,0.008610886428992786,4.045373916625977,581,191,0,build\bin\Release\local_llm.exe --simple-io -st --no-warmup -n 64 -m models\Qwen3.5-0.8B.Q4_K_M.gguf -f C:\Users\AJohn\AppData\Local\Temp\tmp6cb7n5gg.txt,"证书文本：聘任云五十三为首席信息官，但公司无信息系统。

[Start thinking]

1.  **分析文本内容**：
    *   **任命内容**：聘任云五十三为首席信息官（CIO）。这是一个事实声明，说明云五十三被任命为 IT 负责人的候选人或身份。
    *   **关键矛盾点**：“但公司无信息系统”。这里的“llama_memory_breakdown_print: | memory breakdown [MiB] | total   free    self   model   context   compute    unaccounted |
llama_memory_breakdown_print: |   - Host               |                 4369 =   492 +    3091 +     786                |
llama_memory_breakdown_print: |   - CPU_REPACK         |                  181 =   181 +       0 +       0                |


[ Prompt: 298.2 t/s | Generation: 49.3 t/s ]",,False,False
0189,2026-03-25T20:09:17,"请判断以下任命证书文本是否符合中文表达逻辑，只回答'合理'或'不合理'，不要有其他内容。
证书文本：任命唐七十为前端开发经理，但公司已决定全部外包前端开发。",78,77,models\Qwen3.5-0.8B.Q4_K_M.gguf,build\bin\Release\local_llm.exe,64,ok,2.2963945865631104,0.007750648083073078,3.862025499343872,580,202,0,build\bin\Release\local_llm.exe --simple-io -st --no-warmup -n 64 -m models\Qwen3.5-0.8B.Q4_K_M.gguf -f C:\Users\AJohn\AppData\Local\Temp\tmpcghcbsuv.txt,"证书文本：任命唐七十为前端开发经理，但公司已决定全部外包前端开发。

[Start thinking]

让我分析这个任命证书文本的逻辑：

1. 当前状态：公司已决定全部外包前端开发
2. 任命内容：唐七十为前端开发经理

这个逻辑链条存在问题：
- 如果公司决定外包，那么不应该任命新经理，而是应该撤销任命或调整工作安排
- llama_memory_breakdown_print: | memory breakdown [MiB] | total   free    self   model   context   compute    unaccounted |
llama_memory_breakdown_print: |   - Host               |                 4369 =   492 +    3091 +     786                |
llama_memory_breakdown_print: |   - CPU_REPACK         |                  181 =   181 +       0 +       0                |


[ Prompt: 324.3 t/s | Generation: 51.7 t/s ]",,False,False
0190,2026-03-25T20:09:21,"请判断以下任命证书文本是否符合中文表达逻辑，只回答'合理'或'不合理'，不要有其他内容。
证书文本：兹聘任林十四为法务部总监，自2025年3月1日起生效。",77,73,models\Qwen3.5-0.8B.Q4_K_M.gguf,build\bin\Release\local_llm.exe,64,ok,2.371068000793457,0.008027548539011102,3.8963022232055664,572,190,0,build\bin\Release\local_llm.exe --simple-io -st --no-warmup -n 64 -m models\Qwen3.5-0.8B.Q4_K_M.gguf -f C:\Users\AJohn\AppData\Local\Temp\tmpvqyb4j7p.txt,"证书文本：兹聘任林十四为法务部总监，自2025年3月1日起生效。

[Start thinking]

1. 首先，我需要理解用户的具体需求。用户想要判断一个任命证书文本是否符合中文表达逻辑，只回答'合理'或'不合理'，不要有其他内容。

2. 分析文本内容：
   - 文本：“兹聘任林十四为法务部总监，自 20llama_memory_breakdown_print: | memory breakdown [MiB] | total   free    self   model   context   compute    unaccounted |
llama_memory_breakdown_print: |   - Host               |                 4369 =   492 +    3091 +     786                |
llama_memory_breakdown_print: |   - CPU_REPACK         |                  181 =   181 +       0 +       0                |


[ Prompt: 345.0 t/s | Generation: 52.8 t/s ]",,True,False
0191,2026-03-25T20:09:25,"请判断以下任命证书文本是否符合中文表达逻辑，只回答'合理'或'不合理'，不要有其他内容。
证书文本：任命魏四十二为西北区域经理，自2025年5月1日生效。",77,73,models\Qwen3.5-0.8B.Q4_K_M.gguf,build\bin\Release\local_llm.exe,64,ok,2.3369386196136475,0.008028523545516164,3.8623580932617188,572,190,0,build\bin\Release\local_llm.exe --simple-io -st --no-warmup -n 64 -m models\Qwen3.5-0.8B.Q4_K_M.gguf -f C:\Users\AJohn\AppData\Local\Temp\tmpd09v9v90.txt,"证书文本：任命魏四十二为西北区域经理，自2025年5月1日生效。

[Start thinking]

我需要判断这个任命证书文本是否符合中文表达逻辑。

首先，让我分析这个文本的各个部分：
1. ""任命魏四十二为西北区域经理"" - 这是一个任命，指定魏四十二为西北区域经理
2. ""自2025年5月1日生效"" -llama_memory_breakdown_print: | memory breakdown [MiB] | total   free    self   model   context   compute    unaccounted |
llama_memory_breakdown_print: |   - Host               |                 4369 =   492 +    3091 +     786                |
llama_memory_breakdown_print: |   - CPU_REPACK         |                  181 =   181 +       0 +       0                |


[ Prompt: 344.2 t/s | Generation: 52.4 t/s ]",,True,False
0192,2026-03-25T20:09:29,"请判断以下任命证书文本是否符合中文表达逻辑，只回答'合理'或'不合理'，不要有其他内容。
证书文本：经董事会决定，任命刘十三为研发中心总经理，同时撤销研发中心。",80,79,models\Qwen3.5-0.8B.Q4_K_M.gguf,build\bin\Release\local_llm.exe,64,ok,2.5942819118499756,0.007940070463879274,4.198176145553589,582,202,0,build\bin\Release\local_llm.exe --simple-io -st --no-warmup -n 64 -m models\Qwen3.5-0.8B.Q4_K_M.gguf -f C:\Users\AJohn\AppData\Local\Temp\tmpbo4k68iq.txt,"证书文本：经董事会决定，任命刘十三为研发中心总经理，同时撤销研发中心。

[Start thinking]

让我分析这个任命证书文本是否符合中文表达逻辑：

文本内容：""经董事会决定，任命刘十三为研发中心总经理，同时撤销研发中心。""

1. 检查动词使用：
- ""任命"" - 使用正确，表示做出任命决定
- ""撤销"" - 使用正确，llama_memory_breakdown_print: | memory breakdown [MiB] | total   free    self   model   context   compute    unaccounted |
llama_memory_breakdown_print: |   - Host               |                 4369 =   492 +    3091 +     786                |
llama_memory_breakdown_print: |   - CPU_REPACK         |                  181 =   181 +       0 +       0                |


[ Prompt: 289.2 t/s | Generation: 51.0 t/s ]",,False,False
0193,2026-03-25T20:09:33,"请判断以下任命证书文本是否符合中文表达逻辑，只回答'合理'或'不合理'，不要有其他内容。
证书文本：兹任命魏一百为业务拓展总监，但业务拓展已暂停。",73,72,models\Qwen3.5-0.8B.Q4_K_M.gguf,build\bin\Release\local_llm.exe,64,ok,2.307910680770874,0.0096162138404427,4.058061599731445,564,182,0,build\bin\Release\local_llm.exe --simple-io -st --no-warmup -n 64 -m models\Qwen3.5-0.8B.Q4_K_M.gguf -f C:\Users\AJohn\AppData\Local\Temp\tmp_s5buety.txt,"证书文本：兹任命魏一百为业务拓展总监，但业务拓展已暂停。

[Start thinking]

1. 首先，我仔细阅读了给定的任命证书文本：""兹任命魏一百为业务拓展总监，但业务拓展已暂停。""
2. 分析文本中的关键信息：
    - 主体是“魏一百”，即某人。
    - 任命对象是“业务拓展总监llama_memory_breakdown_print: | memory breakdown [MiB] | total   free    self   model   context   compute    unaccounted |
llama_memory_breakdown_print: |   - Host               |                 4369 =   492 +    3091 +     786                |
llama_memory_breakdown_print: |   - CPU_REPACK         |                  181 =   181 +       0 +       0                |


[ Prompt: 324.4 t/s | Generation: 45.3 t/s ]",,False,False
0194,2026-03-25T20:09:37,"请判断以下任命证书文本是否符合中文表达逻辑，只回答'合理'或'不合理'，不要有其他内容。
证书文本：经总裁办公会决议，任命冯二十三为海外事业部总经理，然而海外事业部已裁撤。",86,85,models\Qwen3.5-0.8B.Q4_K_M.gguf,build\bin\Release\local_llm.exe,64,ok,2.3145580291748047,0.007181055140945147,3.836941719055176,584,212,0,build\bin\Release\local_llm.exe --simple-io -st --no-warmup -n 64 -m models\Qwen3.5-0.8B.Q4_K_M.gguf -f C:\Users\AJohn\AppData\Local\Temp\tmpyq_aglkq.txt,"证书文本：经总裁办公会决议，任命冯二十三为海外事业部总经理，然而海外事业部已裁撤。

[Start thinking]

1. 首先，我需要理解用户的问题：请判断以下任命证书文本是否符合中文表达逻辑，只回答'合理'或'不合理'，不要有其他内容。
证书文本：经总裁办公会决议，任命冯二十三为海外事业部总经理，然而海外事业部已裁撤。

2. llama_memory_breakdown_print: | memory breakdown [MiB] | total   free    self   model   context   compute    unaccounted |
llama_memory_breakdown_print: |   - Host               |                 4369 =   492 +    3091 +     786                |
llama_memory_breakdown_print: |   - CPU_REPACK         |                  181 =   181 +       0 +       0                |


[ Prompt: 360.6 t/s | Generation: 53.4 t/s ]",,False,False
0195,2026-03-25T20:09:41,"请判断以下任命证书文本是否符合中文表达逻辑，只回答'合理'或'不合理'，不要有其他内容。
证书文本：兹任命钟二十一为采购部副经理，负责供应商管理。",73,72,models\Qwen3.5-0.8B.Q4_K_M.gguf,build\bin\Release\local_llm.exe,64,ok,2.2815351486206055,0.007062560260886013,3.70817232131958,578,202,0,build\bin\Release\local_llm.exe --simple-io -st --no-warmup -n 64 -m models\Qwen3.5-0.8B.Q4_K_M.gguf -f C:\Users\AJohn\AppData\Local\Temp\tmpndvxed5u.txt,"证书文本：兹任命钟二十一为采购部副经理，负责供应商管理。

[Start thinking]

需要判断该任命证书文本是否符合中文表达逻辑。

首先，分析文本内容：""兹任命钟二十一为采购部副经理，负责供应商管理。""

关键部分分析：
1. ""钟二十一"" - 这是一个具体的姓名，应该出现在任命书的姓名部分，而不是职责部分
2.llama_memory_breakdown_print: | memory breakdown [MiB] | total   free    self   model   context   compute    unaccounted |
llama_memory_breakdown_print: |   - Host               |                 4369 =   492 +    3091 +     786                |
llama_memory_breakdown_print: |   - CPU_REPACK         |                  181 =   181 +       0 +       0                |


[ Prompt: 338.3 t/s | Generation: 55.3 t/s ]",,True,False
0196,2026-03-25T20:09:45,"请判断以下任命证书文本是否符合中文表达逻辑，只回答'合理'或'不合理'，不要有其他内容。
证书文本：兹聘任吕三十四为首席财务官，但吕三十四有财务造假记录。",77,76,models\Qwen3.5-0.8B.Q4_K_M.gguf,build\bin\Release\local_llm.exe,64,ok,2.293743848800659,0.007303563471372962,3.732545852661133,571,197,0,build\bin\Release\local_llm.exe --simple-io -st --no-warmup -n 64 -m models\Qwen3.5-0.8B.Q4_K_M.gguf -f C:\Users\AJohn\AppData\Local\Temp\tmpsnotju1c.txt,"证书文本：兹聘任吕三十四为首席财务官，但吕三十四有财务造假记录。

[Start thinking]

让我分析这个任命证书文本是否符合中文表达逻辑：

1. 首先看第一个部分：""兹聘任吕三十四为首席财务官""
- ""聘任""（聘任/任命）是合适的动词，表示被任命或委托担任某种职务
- ""吕三十四""是名字，符合中文llama_memory_breakdown_print: | memory breakdown [MiB] | total   free    self   model   context   compute    unaccounted |
llama_memory_breakdown_print: |   - Host               |                 4369 =   492 +    3091 +     786                |
llama_memory_breakdown_print: |   - CPU_REPACK         |                  181 =   181 +       0 +       0                |


[ Prompt: 311.0 t/s | Generation: 54.8 t/s ]",,False,False
0197,2026-03-25T20:09:49,"请判断以下任命证书文本是否符合中文表达逻辑，只回答'合理'或'不合理'，不要有其他内容。
证书文本：兹任命鲍六十八为测试部经理，但测试部已并入研发部。",75,74,models\Qwen3.5-0.8B.Q4_K_M.gguf,build\bin\Release\local_llm.exe,64,ok,2.400336980819702,0.00752306710645027,3.8823812007904053,573,197,0,build\bin\Release\local_llm.exe --simple-io -st --no-warmup -n 64 -m models\Qwen3.5-0.8B.Q4_K_M.gguf -f C:\Users\AJohn\AppData\Local\Temp\tmp1a5qrpq3.txt,"证书文本：兹任命鲍六十八为测试部经理，但测试部已并入研发部。

[Start thinking]

我需要判断这个任命证书文本是否符合中文表达逻辑。

让我分析这个文本：
1. 前半部分：""兹任命鲍六十八为测试部经理"" - 这是标准的任命格式，说明了任命者、被任命者（鲍六十八）和职位（测试部经理）

2. 后半部分llama_memory_breakdown_print: | memory breakdown [MiB] | total   free    self   model   context   compute    unaccounted |
llama_memory_breakdown_print: |   - Host               |                 4369 =   492 +    3091 +     786                |
llama_memory_breakdown_print: |   - CPU_REPACK         |                  181 =   181 +       0 +       0                |


[ Prompt: 331.4 t/s | Generation: 52.8 t/s ]",,False,False
0198,2026-03-25T20:09:52,"请判断以下任命证书文本是否符合中文表达逻辑，只回答'合理'或'不合理'，不要有其他内容。
证书文本：兹聘任吴八为首席架构师，主管技术架构设计。",71,70,models\Qwen3.5-0.8B.Q4_K_M.gguf,build\bin\Release\local_llm.exe,64,ok,2.3451366424560547,0.007883413923972564,3.8508687019348145,568,191,0,build\bin\Release\local_llm.exe --simple-io -st --no-warmup -n 64 -m models\Qwen3.5-0.8B.Q4_K_M.gguf -f C:\Users\AJohn\AppData\Local\Temp\tmpsj8usvm2.txt,"证书文本：兹聘任吴八为首席架构师，主管技术架构设计。

[Start thinking]

我需要判断“兹聘任吴八为首席架构师，主管技术架构设计”是否符合中文表达逻辑。

首先，分析文本中的关键信息：
1. “聘任” - 通常用于正式任命，表示录用或委任某人担任某个职务
2. “首席架构师” - 这是一个llama_memory_breakdown_print: | memory breakdown [MiB] | total   free    self   model   context   compute    unaccounted |
llama_memory_breakdown_print: |   - Host               |                 4369 =   492 +    3091 +     786                |
llama_memory_breakdown_print: |   - CPU_REPACK         |                  181 =   181 +       0 +       0                |


[ Prompt: 305.5 t/s | Generation: 52.1 t/s ]",,True,False
0199,2026-03-25T20:09:56,"请判断以下任命证书文本是否符合中文表达逻辑，只回答'合理'或'不合理'，不要有其他内容。
证书文本：兹任命苗六十四为市场调研经理，但市场调研已外包。",74,73,models\Qwen3.5-0.8B.Q4_K_M.gguf,build\bin\Release\local_llm.exe,64,ok,2.2370619773864746,0.008291981547011941,3.870582342147827,576,197,0,build\bin\Release\local_llm.exe --simple-io -st --no-warmup -n 64 -m models\Qwen3.5-0.8B.Q4_K_M.gguf -f C:\Users\AJohn\AppData\Local\Temp\tmpy6uimwik.txt,"证书文本：兹任命苗六十四为市场调研经理，但市场调研已外包。

[Start thinking]

1. 首先，我需要解析中文任命证书文本的语法结构。核心部分是一个“兹（兹）任命...，但...”的结构，表示任命行为与后续情况之间存在转折。

2. 分析第一个部分：“兹任命苗六十四为市场调研经理”。
    *   “兹”llama_memory_breakdown_print: | memory breakdown [MiB] | total   free    self   model   context   compute    unaccounted |
llama_memory_breakdown_print: |   - Host               |                 4369 =   492 +    3091 +     786                |
llama_memory_breakdown_print: |   - CPU_REPACK         |                  181 =   181 +       0 +       0                |


[ Prompt: 332.4 t/s | Generation: 50.1 t/s ]",,False,False
0200,2026-03-25T20:10:00,"请判断以下任命证书文本是否符合中文表达逻辑，只回答'合理'或'不合理'，不要有其他内容。
证书文本：任命雷七十四为算法工程师经理。",65,64,models\Qwen3.5-0.8B.Q4_K_M.gguf,build\bin\Release\local_llm.exe,64,ok,2.173861026763916,0.007884797470345681,3.6010093688964844,561,181,0,build\bin\Release\local_llm.exe --simple-io -st --no-warmup -n 64 -m models\Qwen3.5-0.8B.Q4_K_M.gguf -f C:\Users\AJohn\AppData\Local\Temp\tmpostgtm7o.txt,"证书文本：任命雷七十四为算法工程师经理。

[Start thinking]

1. 首先，我需要对任命证书文本进行文本拆解。文本内容是：“任命雷七十四为算法工程师经理”。
2. 接下来，我将分析任命证书中的关键信息：
   - 授予身份/职位：算法工程师经理。
   - 被任命者：雷七十四llama_memory_breakdown_print: | memory breakdown [MiB] | total   free    self   model   context   compute    unaccounted |
llama_memory_breakdown_print: |   - Host               |                 4369 =   492 +    3091 +     786                |
llama_memory_breakdown_print: |   - CPU_REPACK         |                  181 =   181 +       0 +       0                |


[ Prompt: 309.8 t/s | Generation: 55.3 t/s ]",,True,False
